ID;Name_lang;Pos;MapOffset;FlightMapOffset;ContinentID;ConditionID;CharacterBitNumber;Flags;UiTextureKitID;MinimapAtlasMemberID;Facing;SpecialIconConditionID;VisibilityConditionID;MountCreatureID
1;Northshire Abbey;-8888.98046875,-0.5400000214576721,94.38999938964844;0,0;0,0;0;0;0;1024;0;4689;0;0;0;308,0
2;Stormwind, Elwynn;-8841.0595703125,489.656005859375,109.60700225830078;0.009980039671063423,0.010174400173127651;0,0;0;0;2;1;0;4689;0;0;0;0,541
3;Programmer Isle;16391.810546875,16341.2099609375,69.44000244140625;0,0;0,0;0;0;0;1024;0;4689;0;0;0;308,0
4;Sentinel Hill, Westfall;-10551.900390625,1034.3900146484375,56.95429992675781;0,0;0,0;0;0;4;1;0;4689;0;0;0;0,541
5;Lakeshire, Redridge;-9429.099609375,-2231.39990234375,68.6500015258789;0,0;0,0;0;20068;5;1;0;4689;0;0;0;0,541
6;Ironforge, Dun Morogh;-4821.77978515625,-1155.43994140625,502.2099914550781;0,0;0,0;0;0;6;1;0;4689;0;0;0;0,541
7;Menethil Harbor, Wetlands;-3787.81005859375,-777.6959838867188,1.5582000017166138;-0.0020000000949949026,0.0020000000949949026;0,0;0;0;7;1;0;4689;0;0;0;0,541
8;Thelsamar, Loch Modan;-5421.91015625,-2930.010009765625,347.25;0,0;0,0;0;0;8;1;0;4689;0;0;0;0,541
9;Booty Bay, Stranglethorn;-14271.7998046875,299.8699951171875,31.09000015258789;0,0;0,0;0;0;0;1024;0;4689;0;0;0;0,541
10;The Sepulcher, Silverpine Forest;478.8599853515625,1536.5899658203125,131.32000732421875;0,0;0,0;0;0;10;2;0;4689;0;0;0;3574,0
11;Undercity, Tirisfal;1568.6199951171875,267.9700012207031,-43.099998474121094;0,0;0,0;0;96403;11;10;0;4689;0;0;0;3574,0
12;Darkshire, Duskwood;-10515.5,-1261.6500244140625,41.34000015258789;0,0;0,0;0;0;12;1;0;4689;0;0;0;0,541
13;Tarren Mill, Hillsbrad;-17.706600189208984,-874.2030029296875,59.00559997558594;0,0.003000000026077032;0,0;0;0;13;2;0;4689;0;0;0;3574,0
14;Southshore, Hillsbrad;-711.47998046875,-515.47998046875,26.110000610351562;0,0;0,0;0;5793;14;1024;0;4689;0;0;0;0,541
15;Eastern Plaguelands;2253.39990234375,-5344.89990234375,83.37999725341797;0,0;0,0;0;0;0;1024;0;4689;0;0;0;0,541
16;Refuge Pointe, Arathi;-1240.530029296875,-2515.110107421875,22.15999984741211;0,0;0,0;0;0;16;1;0;4689;0;0;0;0,541
17;Hammerfall, Arathi;-916.2899780273438,-3496.889892578125,70.44999694824219;0.007000000216066837,-0.007000000216066837;0,0;0;0;17;2;0;4689;0;0;0;2224,0
18;Booty Bay, Stranglethorn;-14444.2998046875,509.6199951171875,26.200000762939453;0,0;0,0;0;0;18;2;0;4689;0;0;0;2224,0
19;Booty Bay, Stranglethorn;-14473,464.1499938964844,36.43000030517578;0,0;0,0;0;0;19;1;0;4689;0;0;0;0,541
20;Grom'gol, Stranglethorn;-12414.2001953125,146.2899932861328,3.2799999713897705;0,0;0,0;0;0;20;2;0;4689;0;0;0;2224,0
21;New Kargath, Badlands;-6676.8701171875,-2433.3701171875,272.77099609375;0.0020000000949949026,-0.009999999776482582;0,0;0;0;21;2;0;4689;0;0;0;2224,0
22;Thunder Bluff, Mulgore;-1197.2099609375,29.709999084472656,176.9499969482422;0,0;0,0;1;0;22;2;0;4689;0;0;0;2224,0
23;Orgrimmar, Durotar;1798.27001953125,-4363.27001953125,102.8479995727539;0.024950100108981133,0.004360469989478588;0,0;1;0;23;2;0;4689;0;0;0;2224,0
24;Generic, World Target 002;-6666,-2222.300048828125,278.6000061035156;0,0;0,0;0;0;24;1024;0;4689;0;0;0;0,0
25;The Crossroads, Northern Barrens;-441.79998779296875,-2596.080078125,96.05999755859375;0.0039920201525092125,-0.010174400173127651;0,0;1;0;25;2;0;4689;0;0;0;2224,0
26;Lor'danel, Darkshore;7459.89990234375,-326.55999755859375,8.09000015258789;0,-0.019999999552965164;0,0;1;0;26;9;0;4689;0;0;62814;0,3837
27;Rut'theran Village, Teldrassil;8383.75,980.9639892578125,30.829200744628906;0,0;0,0;1;0;27;9;0;4689;0;0;62814;0,3837
28;Astranaar, Ashenvale;2827.340087890625,-289.239990234375,107.16000366210938;0.00800000037997961,0;0,0;1;0;28;1;0;4689;0;0;0;0,3837
29;Sun Rock Retreat, Stonetalon Mountains;966.5700073242188,1040.3199462890625,104.2699966430664;0.020999999716877937,0.004999999888241291;0,0;1;0;29;2;0;4689;0;0;0;2224,0
30;Westreach Summit, Thousand Needles;-4310.60986328125,-927.0640258789062,81.17960357666016;0,0;0,0;1;0;30;2;0;4689;0;0;0;2224,0
31;Shadebough, Feralas;-4996.8798828125,73.94270324707031,99.8385009765625;0,0;0,0;1;0;31;1;0;4689;0;0;0;0,3837
32;Theramore, Dustwallow Marsh;-3825.3701171875,-4516.580078125,10.4399995803833;0,0.00800000037997961;0,0;1;19444;32;9;0;4689;0;0;0;0,541
33;Thal'darah Overlook, Stonetalon Mountains;2147.25,1537.8699951171875,341.239990234375;-0.017000000923871994,0;0,0;1;0;33;1;0;4689;0;0;0;0,3837
34;Transport, Booty Bay;-1965.1700439453125,-5824.2900390625,-1.059999942779541;0,0;0,0;1;0;0;1024;0;4689;0;0;0;0,0
35;Transport, Orgrimmar;1320.0699462890625,-4649.2001953125,21.56999969482422;0,0;0,0;1;0;0;1024;0;4689;0;0;0;0,0
36;Generic, World Target 001;-8644.6201171875,433.2799987792969,59.459999084472656;0,0;0,0;0;0;0;1024;0;4689;0;0;0;15665,0
37;Nijel's Point, Desolace;139.24000549316406,1325.8199462890625,193.5;0.007000000216066837,0;0,0;1;0;37;1;0;4689;0;0;0;0,3837
38;Shadowprey Village, Desolace;-1767.6400146484375,3263.889892578125,4.940000057220459;0,0;0,0;1;0;38;2;0;4689;0;0;0;2224,0
39;Gadgetzan, Tanaris;-7185.97021484375,-3768.239990234375,9.300530433654785;0,0;0,0;1;0;39;1;0;4689;0;0;0;0,541
40;Gadgetzan, Tanaris;-7094.02978515625,-3813.68994140625,9.496950149536133;0,0;0,0;1;0;40;2;0;4689;0;0;0;2224,0
41;Feathermoon, Feralas;-4467.0400390625,2188.639892578125,17.89389991760254;0,-0.009999999776482582;0,0;1;0;41;1;0;4689;0;0;0;0,3837
42;Camp Mojache, Feralas;-4419.85986328125,199.30999755859375,25.059999465942383;-0.004000000189989805,0;0,0;1;0;42;2;0;4689;0;0;0;2224,0
43;Aerie Peak, The Hinterlands;283.739990234375,-2002.760009765625,194.74000549316406;0,-0.009999999776482582;0,0;0;0;43;1;0;4689;0;0;0;0,541
44;Bilgewater Harbor, Azshara;3547.199951171875,-6294.66015625,0.7542449831962585;0,0;0,0;1;0;44;2;0;4689;0;0;0;2224,0
45;Nethergarde Keep, Blasted Lands;-11112.2998046875,-3435.739990234375,79.08999633789062;0,0.014999999664723873;0,0;0;46758;45;9;0;4689;0;0;0;0,541
46;Transport, Southshore;-986.4299926757812,-547.8599853515625,-3.859999895095825;0,0;0,0;0;0;0;1024;0;4689;0;0;0;0,0
47;Transport, Grom'gol;-12418.76953125,235.42999267578125,1.1200000047683716;0,0;0,0;0;0;0;1024;0;4689;0;0;0;0,0
48;Bloodvenom Post, Felwood [DISABLED in 4.x];5123.509765625,-321.1809997558594,359.5400085449219;0,0;0,0;1;5793;48;1024;0;4689;0;0;0;2224,0
49;Moonglade;7458.4501953125,-2487.2099609375,462.3299865722656;0,0;0,0;1;0;49;1;0;4689;0;0;0;0,3837
50;Transport, Menethil Harbor;0,0,0;0,0;0,0;0;0;0;1024;0;4689;0;0;0;0,0
51;Transport, Auberdine;0,0,0;0,0;0,0;0;0;0;1024;0;4689;0;0;0;0,0
52;Everlook, Winterspring;6796.7998046875,-4742.39013671875,701.5;0,-0.009999999776482582;0,0;1;0;52;1;0;4689;0;0;0;0,3837
53;Everlook, Winterspring;6813.06005859375,-4611.1201171875,710.6699829101562;0,-0.008999999612569809;0,0;1;0;53;2;0;4689;0;0;0;2224,0
54;Transport, Feathermoon;-4203.8701171875,3284,-12.859999656677246;0,0;0,0;1;0;0;1024;0;4689;0;0;0;0,0
55;Brackenwall Village, Dustwallow Marsh;-3147.389892578125,-2842.179931640625,34.61000061035156;-0.006000000052154064,0;0,0;1;0;55;2;0;4689;0;0;0;2224,0
56;Stonard, Swamp of Sorrows;-10457,-3279.25,21.350000381469727;-0.00800000037997961,0;0,0;0;0;56;2;0;4689;0;0;0;2224,0
57;Fishing Village, Teldrassil;8701.509765625,991.3699951171875,14.210000038146973;0,0;0,0;1;0;0;1024;0;4689;0;0;0;0,3837
58;Zoram'gar Outpost, Ashenvale;3351.820068359375,1052.300048828125,3.069999933242798;-0.00800000037997961,-0.008999999612569809;0,0;1;0;58;2;0;4689;0;0;0;2224,0
59;Dun Baldar, Alterac Valley;574.2100219726562,-46.650001525878906,37.61000061035156;0,0;0,0;30;0;0;1024;0;4689;0;0;0;0,541
60;Frostwolf Keep, Alterac Valley;-1335.43994140625,-319.69000244140625,90.66000366210938;0,0;0,0;30;0;0;1024;0;4689;0;0;0;3574,0
61;Splintertree Post, Ashenvale;2302.389892578125,-2524.550048828125,104.4000015258789;0,-0.012000000104308128;0,0;1;0;61;2;0;4689;0;0;0;2224,0
62;Nighthaven, Moonglade;7793.60986328125,-2403.469970703125,489.32000732421875;0,0;0,0;1;62814;0;1025;0;4689;0;0;62814;0,3837
63;Nighthaven, Moonglade;7787.72021484375,-2404.10009765625,489.55999755859375;0,0;0,0;1;0;0;1026;0;4689;0;0;0;2224,0
64;Talrendis Point, Azshara (NEVER in 4.x);2721.989990234375,-3880.639892578125,100.87000274658203;0,0;0,0;1;5793;64;1024;0;4689;0;0;0;0,3837
65;Talonbranch Glade, Felwood;6214.31982421875,-1874.280029296875,565.9559936523438;0.004000000189989805,0;0,0;1;0;65;1;0;4689;0;0;0;0,3837
66;Chillwind Camp, Western Plaguelands;931.3200073242188,-1430.1099853515625,64.66999816894531;-0.007000000216066837,0.014999999664723873;0,0;0;0;66;1;0;4689;0;0;0;0,541
67;Light's Hope Chapel, Eastern Plaguelands;2271.090087890625,-5340.7998046875,87.11000061035156;0,0;0,0;0;924;67;1;0;4689;0;0;0;0,44248
68;Light's Hope Chapel, Eastern Plaguelands;2270.199951171875,-5343.10986328125,86.97329711914062;-0.00800000037997961,-0.004999999888241291;0,0;0;923;68;2;0;4689;0;0;0;44248,0
69;Moonglade;7470.39013671875,-2123.3798828125,492.3399963378906;0,0;0,0;1;0;69;2;0;4689;0;0;0;2224,0
70;Flame Crest, Burning Steppes;-7504.02978515625,-2187.5400390625,165.52999877929688;0.014999999664723873,0;0,0;0;0;70;2;0;4689;0;0;0;2224,0
71;Morgan's Vigil, Burning Steppes;-8364.6103515625,-2738.35009765625,185.4600067138672;0,0;0,0;0;0;71;1;0;4689;0;0;0;0,541
72;Cenarion Hold, Silithus;-6811.39013671875,836.739990234375,49.810001373291016;0,0;0,0;1;53948;72;10;0;4689;0;0;0;2224,0
73;Cenarion Hold, Silithus;-6761.830078125,772.030029296875,88.91000366210938;0,-0.004999999888241291;0,0;1;53948;73;9;0;4689;0;0;0;0,3837
74;Thorium Point, Searing Gorge;-6552.58984375,-1168.27001953125,309.30999755859375;-0.004000000189989805,0.027000000700354576;0,0;0;0;74;1;0;4689;0;0;0;0,541
75;Thorium Point, Searing Gorge;-6554.93017578125,-1100.050048828125,309.57000732421875;0.027000000700354576,0.027000000700354576;0,0;0;0;75;2;0;4689;0;0;0;2224,0
76;Revantusk Village, The Hinterlands;-635.260009765625,-4720.5,5.380000114440918;-0.007000000216066837,0.007000000216066837;0,0;0;0;76;2;0;4689;0;0;0;2224,0
77;Vendetta Point, Southern Barrens;-2152.35009765625,-1724.3399658203125,92.52799987792969;0.019999999552965164,0;0,0;1;0;227;2;0;4689;0;0;0;2224,0
78;Naxxramas;3133.31005859375,-3399.929931640625,139.52999877929688;0,0;0,0;0;0;0;1024;0;4689;0;0;0;0,0
79;Marshal's Stand, Un'Goro Crater;-7548.0498046875,-1541.1300048828125,-271.04998779296875;-0.003000000026077032,0.009999999776482582;0,0;1;0;79;3;0;4689;0;0;0;2224,541
80;Ratchet, Northern Barrens;-894.5900268554688,-3773.010009765625,11.479999542236328;-0.005988019984215498,-0.014534899964928627;0,0;1;0;80;3;0;4689;0;0;0;2224,541
81;Filming;0,0,0;0,0;0,0;530;0;0;1024;0;4689;0;0;0;0,0
82;Silvermoon City;9375.240234375,-7165.89013671875,9.029999732971191;0,0;0,0;530;145597;82;6;0;4689;0;0;145597;19917,0
83;Tranquillien, Ghostlands;7594.47021484375,-6784.2900390625,86.45999908447266;0.006000000052154064,0;0,0;530;145597;83;2;0;4689;0;0;145597;19917,0
84;Plaguewood Tower, Eastern Plaguelands;2965.550048828125,-3033.610107421875,126.92900085449219;0,-0.014999999664723873;0,0;0;0;154;3;0;4689;0;0;0;44248,44248
85;Northpass Tower, Eastern Plaguelands;3134.260009765625,-4354.77978515625,133.46299743652344;0,0;0,0;0;0;153;3;0;4689;0;0;0;44248,44248
86;Eastwall Tower, Eastern Plaguelands;2524.43994140625,-4769.56005859375,104.08699798583984;0.014000000432133675,0.009999999776482582;0,0;0;0;147;3;0;4689;0;0;0;44248,44248
87;Crown Guard Tower, Eastern Plaguelands;1876.4000244140625,-3693.320068359375,157.68699645996094;0.017000000923871994,-0.012000000104308128;0,0;0;0;152;3;0;4689;0;0;0;44248,44248
88;Transport, Exodar;-4284.009765625,-11194.740234375,13.010000228881836;0,0;0,0;530;0;0;1024;0;4689;0;0;0;0,0
89;Transport, Theramore;0,0,0;0,0;0,0;0;0;0;1024;0;4689;0;0;0;0,0
90;Transport, Undercity;0,0,0;0,0;0,0;1;0;0;1024;0;4689;0;0;0;0,0
91;Quest - Azuremyst Shaman Target;-3996.010009765625,-11892.9697265625,0.2199999988079071;0,0;0,0;530;0;0;1024;0;4689;0;0;0;0,0
92;Quest - Azuremyst Shaman Start;-3679.31005859375,-11413.0400390625,310.57000732421875;0,0;0,0;530;0;0;1024;0;4689;0;0;0;0,0
93;Blood Watch, Bloodmyst Isle;-1933.27001953125,-11954.599609375,57.189998626708984;0,0;0,0;530;0;93;1;0;4689;0;0;0;0,3837
94;The Exodar;-3867.56005859375,-11641.099609375,-137.66400146484375;0,0;0,0;530;0;94;1;0;4689;0;0;0;0,3837
95;Zangarmarsh - Quest - As the Crow Flies;-146.2899932861328,5532.56005859375,30.889999389648438;0,0;0,0;530;0;0;1024;0;4689;0;0;0;17972,0
96;Zangarmarsh - Quest - As the Crow Flies - End;-145.22999572753906,5533.02978515625,30.950000762939453;0,0;0,0;530;0;0;1024;0;4689;0;0;0;0,0
97;Quest - Elekk Path to Kessel;-3968.3701171875,-11929.150390625,-1.2200000286102295;0,0;0,0;530;0;0;1024;0;4689;0;0;0;0,18167
98;Quest - Elekk to Kessel Target;-2662.300048828125,-12144.599609375,16.90999984741211;0,0;0,0;530;0;0;1024;0;4689;0;0;0;0,0
99;Thrallmar, Hellfire Peninsula;228.5,2633.570068359375,87.66999816894531;0.013000000268220901,-0.008999999612569809;0,0;530;0;99;2;0;4689;0;0;0;2224,0
100;Honor Hold, Hellfire Peninsula;-673.4199829101562,2717.27001953125,94.18000030517578;0.012000000104308128,0.009999999776482582;0,0;530;0;100;1;0;4689;0;0;0;0,541
101;Temple of Telhamat, Hellfire Peninsula;199.16000366210938,4241.56005859375,121.75;0,-0.019999999552965164;0,0;530;0;101;1;0;4689;0;0;0;0,3837
102;Falcon Watch, Hellfire Peninsula;-587.4099731445312,4101.009765625,91.37000274658203;0.0020000000949949026,-0.009999999776482582;0,0;530;0;102;2;0;4689;0;0;0;2224,0
103;Nagrand - PvP - Attack Run Start 1 ;-1810.1600341796875,8032.10986328125,-25.950000762939453;0,0;0,0;530;0;0;1024;0;4689;0;0;0;18345,18345
104;Nagrand - PvP - Attack Run End 1;-1824.1800537109375,8049.2900390625,-26.850000381469727;0,0;0,0;530;0;0;1024;0;4689;0;0;0;13161,13161
105;Nagrand - PvP - Attack Run Start 2;-1513.4000244140625,8140.93017578125,-19.600000381469727;0,0;0,0;530;0;0;1024;0;4689;0;0;0;18345,18345
106;Nagrand - PvP - Attack Run End 2;-1511.260009765625,8149.7099609375,-18.579999923706055;0,0;0,0;530;0;0;1024;0;4689;0;0;0;0,541
107;Nagrand - PvP - Attack Run Start 3;-1387.0699462890625,7782.41015625,-11.470000267028809;0,0;0,0;530;0;0;1024;0;4689;0;0;0;18345,18345
108;Nagrand - PvP - Attack Run End 3;-1376.719970703125,7771.169921875,-10.079999923706055;0,0;0,0;530;0;0;1024;0;4689;0;0;0;0,541
109;Nagrand - PvP - Attack Run Start 4;-1656.5999755859375,7724.91015625,-15.59000015258789;0,0;0,0;530;0;0;1024;0;4689;0;0;0;18345,18345
110;Nagrand - PvP - Attack Run End 4;-1658.9000244140625,7724.7099609375,-15.789999961853027;0,0;0,0;530;0;0;1024;0;4689;0;0;0;0,541
111;Eversong - Duskwither Teleport;9335.830078125,-7883.06982421875,74.91000366210938;0,0;0,0;530;0;0;1024;0;4689;0;0;0;18392,18392
112;Eversong - Duskwither Teleport End;9335.669921875,-7809.7099609375,136.57000732421875;0,0;0,0;530;0;0;1024;0;4689;0;0;0;17972,17972
113;Quest - Nethrandamus Start;-1544.3599853515625,8792.0703125,35.220001220703125;0,0;0,0;530;0;0;1024;0;4689;0;0;0;18543,18543
114;Quest - Nethrandamus End Target;-1544.3599853515625,8792.08984375,35.220001220703125;0,0;0,0;530;0;0;1024;0;4689;0;0;0;0,0
115;Quest - Caverns of Time OH - Begin;2384.72998046875,1169.3800048828125,66.86000061035156;0,0;0,0;560;0;0;1024;0;4689;0;0;0;18768,18768
116;Quest - Caverns of Time OH - End;2014.6500244140625,239.64999389648438,68.5199966430664;0,0;0,0;560;0;0;1024;0;4689;0;0;0;0,0
117;Telredor, Zangarmarsh;213.75,6063.75,148.30999755859375;0,0;0,0;530;0;117;1;0;4689;0;0;0;0,3837
118;Zabra'jin, Zangarmarsh;219.4499969482422,7816,22.719999313354492;0,0;0,0;530;0;118;2;0;4689;0;0;0;2224,0
119;Telaar, Nagrand;-2729,7305.2998046875,88.63999938964844;0.0020000000949949026,0.024000000208616257;0,0;530;0;119;1;0;4689;0;0;0;0,3837
120;Garadar, Nagrand;-1261.0899658203125,7133.39013671875,57.34000015258789;0.009999999776482582,-0.007000000216066837;0,0;530;0;120;2;0;4689;0;0;0;2224,0
121;Allerian Stronghold, Terokkar Forest;-2987.239990234375,3872.780029296875,9.130000114440918;0,0;0,0;530;0;121;1;0;4689;0;0;0;0,541
122;Area 52, Netherstorm;3082.31005859375,3596.110107421875,144.02000427246094;-0.027000000700354576,-0.023000000044703484;0,0;530;0;122;3;0;4689;0;0;0;2224,541
123;Shadowmoon Village, Shadowmoon Valley;-3018.6201171875,2557.090087890625,79.08999633789062;0.009999999776482582,0;0,0;530;0;123;2;0;4689;0;0;0;2224,0
124;Wildhammer Stronghold, Shadowmoon Valley;-3982.070068359375,2156.469970703125,105.1500015258789;0,0;0,0;530;0;124;1;0;4689;0;0;0;0,541
125;Sylvanaar, Blade's Edge Mountains;2183.64990234375,6794.4599609375,183.27999877929688;0,0;0,0;530;0;125;1;0;4689;0;0;0;0,3837
126;Thunderlord Stronghold, Blade's Edge Mountains;2446.3701171875,6020.93017578125,154.33999633789062;0,0.004000000189989805;0,0;530;0;126;2;0;4689;0;0;0;2224,0
127;Stonebreaker Hold, Terokkar Forest;-2567.330078125,4423.830078125,39.33000183105469;0,0;0,0;530;0;127;2;0;4689;0;0;0;2224,0
128;Shattrath, Terokkar Forest;-1837.22998046875,5301.89990234375,-12.430000305175781;0,0;0,0;530;0;128;3;0;4689;0;0;0;2224,541
129;Hellfire Peninsula, The Dark Portal;-327.3500061035156,1020.489990234375,54.25;0.0020000000949949026,0.029999999329447746;0,0;530;0;129;1;0;4689;0;0;0;0,541
130;Hellfire Peninsula, The Dark Portal;-178.08999633789062,1026.719970703125,54.189998626708984;0.004000000189989805,-0.00800000037997961;0,0;530;0;130;2;0;4689;0;0;0;2224,0
131;Quest - Horde Hellfire Start;-25.510000228881836,2133.449951171875,112.5999984741211;0,0;0,0;530;0;0;1024;0;4689;0;0;0;19275,18376
132;Quest - Horde Hellfire End;-25.600000381469727,2133.39990234375,112.58000183105469;0,0;0,0;530;0;0;1024;0;4689;0;0;0;19275,0
133;Quest - Hellfire Peninsula (Alliance Path) Start;-673.72998046875,1855.2900390625,68.97000122070312;0,0;0,0;530;0;0;1024;0;4689;0;0;0;19324,19324
134;Quest - Hellfire Peninsula (Alliance) End;-673.75,1855.3199462890625,68.95999908447266;0,0;0,0;530;0;0;1024;0;4689;0;0;0;19324,19324
135;Quest - Hellfire, Aerial Mission (Horde) Start;-27.649999618530273,2126.570068359375,111.8499984741211;0,0;0,0;530;0;0;1024;0;4689;0;0;0;19275,19324
136;Quest - Hellfire, Aerial Mission (Horde) End;-27.520000457763672,2126.5,111.87999725341797;0,0;0,0;530;0;0;1024;0;4689;0;0;0;19275,19324
137;Quest - Hellfire, Aerial Mission (Alliance) Start;298.5,1501.260009765625,-14.279999732971191;0,0;0,0;530;0;0;1024;0;4689;0;0;0;19275,19324
138;Quest - Hellfire, Aerial Mission (Alliance) End;298.5899963378906,1501.1300048828125,-14.25;0,0;0,0;530;0;0;1024;0;4689;0;0;0;19275,19324
139;The Stormspire, Netherstorm;4157.580078125,2959.68994140625,352.0799865722656;-0.004999999888241291,-0.017999999225139618;0,0;530;0;139;3;0;4689;0;0;0;2224,541
140;Altar of Sha'tar, Shadowmoon Valley;-3065.60009765625,749.4199829101562,-10.100000381469727;0,0;0,0;530;6211;140;3;0;4689;0;0;0;2224,541
141;Spinebreaker Ridge, Hellfire Peninsula;-1316.8399658203125,2358.6201171875,88.95999908447266;0,0;0,0;530;0;141;2;0;4689;0;0;0;2224,0
142;Hellfire Peninsula - Reaver's Fall;-29.15999984741211,2125.719970703125,111.47000122070312;0.007000000216066837,0;0,0;530;0;0;1024;0;4689;0;0;0;2224,0
143;Quest - Caverns of Time (Intro Flight Path) (End);-8360.73046875,-4327.72998046875,-208.3300018310547;0,0;0,0;1;0;0;1024;0;4689;0;0;0;16081,16081
144;Quest - Caverns of Time (Intro Flight Path) (Start);-8162.009765625,-4796.22998046875,35.779998779296875;0,0;0,0;1;0;0;1024;0;4689;0;0;0;18768,18768
145;Quest - Netherstorm - Stealth Flight - Begin;3079.010009765625,3599.080078125,144.07000732421875;0,0;0,0;530;0;0;1024;0;4689;0;0;0;2224,0
146;Quest - Netherstorm - Stealth Flight - End;2235.340087890625,2793.77001953125,128.02999877929688;0,0;0,0;530;0;0;1024;0;4689;0;0;0;0,0
147;Hellfire Peninsula - Force Camp Beach Head;509.1700134277344,1988.68994140625,109.62000274658203;0,0;0,0;530;0;0;1024;0;4689;0;0;0;0,19324
148;Shatter Point, Hellfire Peninsula (Beach Assault);298.4599914550781,1501.1800537109375,-14.279999732971191;0,0;0,0;530;0;0;1024;0;4689;0;0;0;0,19324
149;Shatter Point, Hellfire Peninsula;276.20001220703125,1486.9100341796875,-15.100000381469727;0,0;0,0;530;0;149;1;0;4689;0;0;0;0,541
150;Cosmowrench, Netherstorm;2974.949951171875,1848.239990234375,141.27999877929688;0,0.009999999776482582;0,0;530;0;150;3;0;4689;0;0;0;2224,541
151;Swamprat Post, Zangarmarsh;91.66999816894531,5214.919921875,23.100000381469727;0.017000000923871994,0.01600000075995922;0,0;530;0;151;2;0;4689;0;0;0;2224,0
152;Quest - Netherstorm - Manaforge Ultris (Start);4262.39013671875,2136.919921875,139.44000244140625;0,0;0,0;530;0;0;1024;0;4689;0;0;0;20903,20903
153;Quest - Netherstorm - Manaforge Ultris (End);4266.7001953125,2133.3798828125,138.82000732421875;0,0;0,0;530;0;0;1024;0;4689;0;0;0;20903,20903
154;Quest - Netherstorm - Manaforge Ultris (Second Pass) Start;20047.880859375,5200.68994140625,19742.779296875;0,0;0,0;0;0;0;1024;0;4689;0;0;0;20903,20903
155;Quest - Netherstorm - Manaforge Ultris (Second Pass) End;4267.14013671875,2133.030029296875,138.77000427246094;0,0;0,0;530;0;0;1024;0;4689;0;0;0;0,0
156;Toshley's Station, Blade's Edge Mountains;1857.3499755859375,5531.8701171875,277.010009765625;0,0;0,0;530;0;156;1;0;4689;0;0;0;0,541
157;Quest - Blade's Edge - Vision Guide - Start;2277.739990234375,5983.35009765625,142.60000610351562;0,0;0,0;530;0;0;1024;0;4689;0;0;0;21396,0
158;Quest - Blade's Edge - Vision Guide - End;2278.56005859375,5983.7099609375,142.57000732421875;0,0;0,0;530;0;0;1024;0;4689;0;0;0;0,0
159;Sanctum of the Stars, Shadowmoon Valley;-4073.169921875,1123.6099853515625,42.470001220703125;0.014000000432133675,0;0,0;530;6212;159;3;0;4689;0;0;0;2224,541
160;Evergrove, Blade's Edge Mountains;2976.010009765625,5501.1298828125,143.6699981689453;0,0;0,0;530;0;160;3;0;4689;0;0;0;2224,541
161;Quest - Nether Dragon Ally - Start;0,0,0;0,0;0,0;530;0;0;1024;0;4689;0;0;0;22360,22360
162;Quest - Nether Dragon Ally - End;-4100.27001953125,950.3800048828125,22.110000610351562;0,0;0,0;530;0;0;1024;0;4689;0;0;0;0,0
163;Mok'Nathal Village, Blade's Edge Mountains;2028.7900390625,4705.27001953125,150.50999450683594;0,0;0,0;530;0;163;2;0;4689;0;0;0;2224,0
164;Orebor Harborage, Zangarmarsh;966.6699829101562,7399.16015625,29.139999389648438;0,0.009999999776482582;0,0;530;0;164;1;0;4689;0;0;0;0,3837
165;Transport, Northrend 2;0,0,0;0,0;0,0;571;0;0;1024;0;4689;0;0;0;0,0
166;Emerald Sanctuary, Felwood;3972.840087890625,-1324.510009765625,244.80299377441406;0,0;0,0;1;0;166;3;0;4689;0;0;0;2224,3837
167;Forest Song, Ashenvale;3000.25,-3202.409912109375,189.77000427246094;0,-0.014000000432133675;0,0;1;0;167;1;0;4689;0;0;0;0,3837
168;Filming;-9441.1796875,65.05000305175781,56.18000030517578;0,0;0,0;0;0;0;1024;0;4689;0;0;0;0,3837
169;Quest - Netherwing Ledge - Mine Cart Ride - South - Start;-5224.52978515625,631.8499755859375,48.36000061035156;0,0;0,0;530;0;0;1024;0;4689;0;0;0;23372,23372
170;Quest - Netherwing Ledge - Mine Cart Ride - South - End;-5185.7099609375,172.9499969482422,-11.569999694824219;0,0;0,0;530;0;0;1024;0;4689;0;0;0;23289,23289
171;Skettis;-3364.679931640625,3650.179931640625,284.7799987792969;0,0;0,0;530;0;0;1024;0;4689;0;0;0;23422,23422
172;Ogri'La;2531.10009765625,7322.08984375,373.6400146484375;0,0;0,0;530;0;0;1024;0;4689;0;0;0;23422,23422
173;Quest - Yarzill Flight Start;-5141.35986328125,620.1099853515625,82.69999694824219;0,0;0,0;530;0;0;1024;0;4689;0;0;0;23468,23468
174;Quest - Yarzill Flight Start End;-1636.0899658203125,5275.8701171875,-41.099998474121094;0,0;0,0;530;0;0;1024;0;4689;0;0;0;0,0
175;Transport, Howling Fjord;784.8900146484375,-5066.18017578125,-7.880000114440918;0,0;0,0;571;0;0;1024;0;4689;0;0;0;0,0
176;Quest - Howling Fjord Tauren Canoe (Start);245.36000061035156,-3309.199951171875,0.9100000262260437;0,0;0,0;571;0;0;1024;0;4689;0;0;0;23518,23518
177;Quest - Howling Fjord Tauren Canoe (End);-147.47000122070312,-3587.360107421875,0.3400000035762787;0,0;0,0;571;0;0;1024;0;4689;0;0;0;23518,23518
178;Transport, Borean Tundra;0,0,0;0,0;0,0;571;0;0;1024;0;4689;0;0;0;0,0
179;Mudsprocket, Dustwallow Marsh;-4566.22998046875,-3226.050048828125,34.70000076293945;-0.007000000216066837,-0.019999999552965164;0,0;1;0;179;3;0;4689;0;0;0;2224,541
180;Quest - Dustwallow - Alcaz Survey Start;-3822.659912109375,-4511.330078125,10.84000015258789;0,0;0,0;1;0;0;1024;0;4689;0;0;0;0,541
181;Quest - Dustwallow - Alcaz Survey End;-3822.7099609375,-4509.64990234375,10.979999542236328;0,0;0,0;1;0;0;1024;0;4689;0;0;0;0,541
182;Quest - Howling Fjord - Break the Blockade Zeppelin;1415.8900146484375,-3082.489990234375,121.91000366210938;0,0;0,0;571;0;0;1024;0;4689;0;0;0;0,0
183;Valgarde Port, Howling Fjord;567.4099731445312,-5010.97021484375,11.5;0,0;0,0;571;0;183;1;0;4689;0;0;0;0,541
184;Fort Wildervar, Howling Fjord;2468.77001953125,-5029.81982421875,283.489990234375;0.009999999776482582,-0.009999999776482582;0,0;571;0;184;1;0;4689;0;0;0;0,541
185;Westguard Keep, Howling Fjord;1342.8399658203125,-3287.89990234375,174.4499969482422;0.009999999776482582,-0.004999999888241291;0,0;571;0;185;1;0;4689;0;0;0;0,541
186;Quest - Howling Fjord - Flight to the Windrunner - Start;1911.8199462890625,-6179.06982421875,24.610000610351562;0,0;0,0;571;0;0;1024;0;4689;0;0;0;3574,0
187;Quest - Howling Fjord - Flight to the Windrunner - End;1652.8299560546875,-6512.10986328125,18.479999542236328;0,0;0,0;571;0;0;1024;0;4689;0;0;0;3574,0
188;Quest - Howling Fjord - Test at Sea - Start;1912.780029296875,-6178.81005859375,24.639999389648438;0,0;0,0;571;0;0;1024;0;4689;0;0;0;3574,0
189;Quest - Howling Fjord - Test at Sea - End;1913.9000244140625,-6177.8701171875,24.6200008392334;0,0;0,0;571;0;0;1024;0;4689;0;0;0;0,0
190;New Agamand, Howling Fjord;401.1199951171875,-4544.2998046875,244.5399932861328;-0.009999999776482582,-0.02500000037252903;0,0;571;0;190;2;0;4689;0;0;0;3574,0
191;Vengeance Landing, Howling Fjord;1918.5999755859375,-6175.89013671875,24.40999984741211;0,0;0,0;571;0;191;2;0;4689;0;0;0;3574,0
192;Camp Winterhoof, Howling Fjord;2652.889892578125,-4392.7099609375,283.32000732421875;0.008999999612569809,0.009999999776482582;0,0;571;0;192;2;0;4689;0;0;0;2224,0
193;Quest - Howling Fjord - Mission: Plague This! - End;1341.43994140625,-3288.570068359375,174.4499969482422;0,0;0,0;571;0;0;1024;0;4689;0;0;0;0,541
194;Quest - Howling Fjord - Mission: Plague This! - Start;1341.0799560546875,-3288.3701171875,174.4499969482422;0,0;0,0;571;0;0;1024;0;4689;0;0;0;0,541
195;Rebel Camp, Stranglethorn Vale;-11344,-216.8300018310547,75.22000122070312;0.004999999888241291,0;0,0;0;0;195;5;0;4689;0;0;0;0,541
196;Test - SP;9283.099609375,-9749.8095703125,62.15999984741211;0,0;0,0;451;0;196;1024;0;4689;0;0;0;12374,541
197;Test SP2;-9148.6201171875,243.0399932861328,87.38999938964844;0,0;0,0;0;0;0;1024;0;4689;0;0;0;0,0
198;Test SP1;9405.830078125,-9882.6904296875,0;0,0;0,0;451;0;0;1024;0;4689;0;0;0;24489,541
199;Quest - Howling Fjord - McGoyver Start;638.3400268554688,-5074.56982421875,-0.23000000417232513;0,0;0,0;571;0;0;1024;0;4689;0;0;0;24716,24716
200;Quest - Howling Fjord - McGoyver End;483.9200134277344,-5913.10009765625,308.6099853515625;0,0;0,0;571;0;0;1024;0;4689;0;0;0;24716,24716
201;Development Land - Kyle Radue Start;15992.4404296875,-16371.9404296875,76.7300033569336;0,0;0,0;451;0;0;1024;0;4689;0;0;0;23468,23468
202;Development Land - Kyle Radue End;15991.6796875,-16371.9501953125,76.69999694824219;0,0;0,0;451;0;0;1024;0;4689;0;0;0;0,0
203;Quest - Stars' Rest -> Wintergarde;3505.300048828125,1990.8299560546875,65.0999984741211;0,0;0,0;571;0;0;1024;0;4689;0;0;0;0,27127
204;Quest - New Agamand -> Venomspite;0,0,0;0,0;0,0;571;0;0;1024;0;4689;0;0;0;27179,0
205;Zul'Aman, Ghostlands;6789.7900390625,-7747.580078125,126.51000213623047;-0.009999999776482582,0;0,0;530;145597;205;3;0;4689;0;0;145597;3574,541
206;Transport, Feathermoon (NE Ship);-4348.009765625,2427.2900390625,6.639999866485596;0,0;0,0;1;0;0;1024;0;4689;0;0;0;0,0
207;Quest - Howling Fjord - Sister Mercy (Start);15.319999694824219,-4043.7900390625,0.10000000149011612;0,0;0,0;571;0;0;1024;0;4689;0;0;0;0,0
208;Quest - Howling Fjord - Sister Mercy (End);15.319999694824219,-4043.7099609375,0.10000000149011612;0,0;0,0;571;0;0;1024;0;4689;0;0;0;0,0
209;Quest - Sunwell Daily - Dead Scar Bombing - Start;13008.3798828125,-6911.81005859375,9.579999923706055;0,0;0,0;530;0;0;1024;0;4689;0;0;0;25044,0
210;Quest - Sunwell Daily - Dead Scar Bombing - End;13008.509765625,-6912.2001953125,9.579999923706055;0,0;0,0;530;0;0;1024;0;4689;0;0;0;25044,0
211;Quest - Sunwell Daily - Ship Bombing - Start;13007.5,-6911.81005859375,9.579999923706055;0,0;0,0;530;0;0;1024;0;4689;0;0;0;25044,0
212;Quest - Sunwell Daily - Ship Bombing - End;13188.0400390625,-7047.0400390625,4.789999961853027;0,0;0,0;530;0;0;1024;0;4689;0;0;0;25044,0
213;Shattered Sun Staging Area;13012.7001953125,-6908.3701171875,9.579999923706055;-0.006000000052154064,-0.003000000026077032;0,0;530;145597;213;3;0;4689;0;0;145597;19917,28361
214;Quest - Howling Fjord - Naglfar (Start);0,0,0;0,0;0,0;0;0;0;1024;0;4689;0;0;0;0,0
215;Quest - Howling Fjord - Naglfar (Nodes);0,0,0;0,0;0,0;0;0;0;1024;0;4689;0;0;0;0,0
218;Transport, Howling Fjord (Gondola, Top);690.989990234375,-3819.60009765625,249.05999755859375;0,0;0,0;571;0;0;1024;0;4689;0;0;0;0,0
219;Transport, Howling Fjord (Gondola, Bottom);607.9600219726562,-2906.169921875,38.540000915527344;0,0;0,0;571;0;0;1024;0;4689;0;0;0;0,0
221;Amber Ledge, Borean (To Beryl);3465.659912109375,5901.759765625,144.1699981689453;0,0;0,0;571;0;0;1024;0;4689;0;0;0;26088,0
222;Beryl Point, Borean;3213.739990234375,6084.72021484375,138;0,0;0,0;571;0;0;1024;0;4689;0;0;0;25695,0
223;Quest - Naglevar;0,0,0;0,0;0,0;0;0;0;1024;0;4689;0;0;0;0,0
224;Borean Tundra, Naglevar;0,0,0;0,0;0,0;0;0;0;1024;0;4689;0;0;0;0,0
225;Amber Ledge, Borean (to Coldarra);3574.06005859375,5971.0400390625,136.11000061035156;0,0;0,0;571;0;0;1024;0;4689;0;0;0;25695,0
226;Transitus Shield, Coldarra;3575.43994140625,6661.64013671875,195.19000244140625;-0.006000000052154064,0;0,0;571;0;226;3;0;4689;0;0;0;26899,26899
227;Transport, PattyMacDevTest;16625.630859375,16862.900390625,46.97999954223633;0,0;0,0;451;0;0;1024;0;4689;0;0;0;28901,25968
228;Development Land - Pat Test Start;0,0,0;0,0;0,0;0;0;0;1024;0;4689;0;0;0;0,0
229;Development Land - Pat Test End;0,0,0;0,0;0,0;0;0;0;1024;0;4689;0;0;0;0,0
230;Transport, Tuskarr 01;2690.260009765625,889.8099975585938,4.610000133514404;0,0;0,0;571;0;0;1024;0;4689;0;0;0;0,0
231;Transport, Tuskarr 02;2690.330078125,897.6300048828125,4.619999885559082;0,0;0,0;571;0;0;1024;0;4689;0;0;0;0,0
232;Borean Tundra - Warsong Hold Wolf Start;2774.68994140625,6258.14013671875,83.68000030517578;0,0;0,0;571;0;0;1024;0;4689;0;0;0;26128,0
233;Borean Tundra - Warsong Hold Wolf End;3443.52001953125,4103.9501953125,16.010000228881836;0,0;0,0;571;0;0;1024;0;4689;0;0;0;0,0
234;Coldarra Ledge, Coldarra;4130.6201171875,7372.31005859375,534.1099853515625;0,0;0,0;571;0;0;1024;0;4689;0;0;0;26263,0
235;Transitus Shield, Coldarra (NOT USED);3575.56005859375,6651.83984375,195.2100067138672;0,0;0,0;571;0;0;1024;0;4689;0;0;0;25695,0
236;Coldarra, Keristrasza to Malygos;4026.949951171875,7085.5400390625,165.5399932861328;0,0;0,0;571;0;0;1024;0;4689;0;0;0;26263,0
237;Coldarra, Keristrasza Landing;3929.39990234375,6590.740234375,170.33999633789062;0,0;0,0;571;0;0;1024;0;4689;0;0;0;0,0
239;Borean Tundra - Quest - Dusk Start;3109,3819.5400390625,23.239999771118164;0,0;0,0;571;0;0;1024;0;4689;0;0;0;26404,0
240;Borean Tundra - Quest - Dusk - End;3614.300048828125,3670.1201171875,35.779998779296875;0,0;0,0;571;0;0;1024;0;4689;0;0;0;11195,0
241;Transport, Valiance Keep;0,0,0;0,0;0,0;0;0;0;1024;0;4689;0;0;0;0,0
242;Quest - Dragonblight - Spiritual Vision - Begin;2739.72998046875,882.3699951171875,6.639999866485596;0,0;0,0;571;0;0;1024;0;4689;0;0;0;21396,0
243;Quest - Dragonblight - Spiritual Vision - End;2738.469970703125,882.4600219726562,6.5;0,0;0,0;571;0;0;1024;0;4689;0;0;0;0,0
244;Wintergarde Keep, Dragonblight;3712.429931640625,-694.8599853515625,215.57000732421875;0,0;0,0;571;0;244;1;0;4689;0;0;0;0,541
245;Valiance Keep, Borean Tundra;2269.5400390625,5173.68994140625,11.100000381469727;0.017000000923871994,0.014000000432133675;0,0;571;0;245;1;0;4689;0;0;0;0,541
246;Fizzcrank Airstrip, Borean Tundra;4127.22998046875,5313.06982421875,28.670000076293945;0,-0.007000000216066837;0,0;571;0;246;1;0;4689;0;0;0;0,28360
247;Stars' Rest, Dragonblight;3504.1298828125,1992.030029296875,64.95999908447266;0.008999999612569809,0.004000000189989805;0,0;571;0;247;1;0;4689;0;0;0;0,3837
248;Apothecary Camp, Howling Fjord;2108.110107421875,-2970.6201171875,148.5800018310547;0,0;0,0;571;0;248;2;0;4689;0;0;0;3574,0
249;Camp Oneqwah, Grizzly Hills;3876.340087890625,-4520.080078125,217.32000732421875;0.017000000923871994,0;0,0;571;0;249;2;0;4689;0;0;0;2224,0
250;Conquest Hold, Grizzly Hills;3258.89990234375,-2263.090087890625,114.37000274658203;0.017999999225139618,-0.007000000216066837;0,0;571;0;250;2;0;4689;0;0;0;2224,0
251;Fordragon Hold, Dragonblight;4612.2099609375,1406.5999755859375,195.05999755859375;-0.009999999776482582,0;0,0;571;0;251;1;0;4689;0;0;0;0,541
252;Wyrmrest Temple, Dragonblight;3653.2099609375,247.5800018310547,52.2599983215332;0,0.009999999776482582;0,0;571;0;252;3;0;4689;0;0;0;26899,26899
253;Amberpine Lodge, Grizzly Hills;3446.35009765625,-2754.10009765625,199.39999389648438;0,-0.019999999552965164;0,0;571;0;253;1;0;4689;0;0;0;0,541
254;Venomspite, Dragonblight;3242.9599609375,-666.1599731445312,166.7899932861328;-0.009999999776482582,0;0,0;571;0;254;2;0;4689;0;0;0;3574,0
255;Westfall Brigade, Grizzly Hills;4584.97998046875,-4254.68994140625,182.2100067138672;-0.003000000026077032,0;0,0;571;0;255;1;0;4689;0;0;0;0,541
256;Agmar's Hammer, Dragonblight;3865.8701171875,1525.6300048828125,90.04000091552734;0.009999999776482582,-0.009999999776482582;0,0;571;0;256;2;0;4689;0;0;0;2224,0
257;Warsong Hold, Borean Tundra;2920.2900390625,6242.85009765625,208.8000030517578;-0.007000000216066837,0;0,0;571;0;257;2;0;4689;0;0;0;2224,0
258;Taunka'le Village, Borean Tundra;3449.510009765625,4089.52001953125,16.639999389648438;0,-0.019999999552965164;0,0;571;0;258;2;0;4689;0;0;0;2224,0
259;Bor'gorok Outpost, Borean Tundra;4474.7900390625,5712.1298828125,81.27999877929688;0.007000000216066837,-0.019999999552965164;0,0;571;0;259;2;0;4689;0;0;0;2224,0
260;Kor'kron Vanguard, Dragonblight;4946.669921875,1165.93994140625,239.57000732421875;0,-0.007000000216066837;0,0;571;0;260;2;0;4689;0;0;0;2224,0
261;Quest - Stars' Rest to Wintergarde End;3711.31005859375,-698.1799926757812,215.57000732421875;0,0;0,0;571;0;0;1024;0;4689;0;0;0;0,27127
262;Grizzly Hills, Alliance Log Ride Start 01;4267.39013671875,-3050.929931640625,318.1600036621094;0,0;0,0;571;0;0;1024;0;4689;0;0;0;29878,0
263;Grizzly Hills, Alliance Log Ride End 01;2663.669921875,-2181.449951171875,3.430000066757202;0,0;0,0;571;0;0;1024;0;4689;0;0;0;0,0
264;Transport, Auberdine (NEW);0,0,0;0,0;0,0;0;0;0;1024;0;4689;0;0;0;0,0
265;Transport, Theramore (NEW);0,0,0;0,0;0,0;0;0;0;1024;0;4689;0;0;0;0,0
266;Transport, Menethil (NEW);0,0,0;0,0;0,0;0;0;0;1024;0;4689;0;0;0;0,0
267;Grizzly Hills, Alliance Log Ride Start;4272.08984375,-3248.260009765625,324.92999267578125;0,0;0,0;571;0;0;1024;0;4689;0;0;0;29878,0
268;Grizzly Hills, Alliance Log Ride End;2664.219970703125,-2344.6298828125,21.700000762939453;0,0;0,0;571;0;0;1024;0;4689;0;0;0;0,0
269;Quest - Westguard Keep to Wintergarde Keep Begin;1341.6700439453125,-3288.739990234375,174.4499969482422;0,0;0,0;571;0;0;1024;0;4689;0;0;0;0,27491
270;Quest - Westguard Keep to Wintergarde Keep End;3712.22998046875,-693.8499755859375,215.4199981689453;0,0;0,0;571;0;0;1024;0;4689;0;0;0;0,27491
271;Grizzly Hills, Horde Log Ride Start;4311.25,-2956.610107421875,317.30999755859375;0,0;0,0;571;0;0;1024;0;4689;0;0;0;29879,0
272;Grizzly Hills, Horde Log Ride End;2883.75,-1673.7099609375,6.480000019073486;0,0;0,0;571;0;0;1024;0;4689;0;0;0;0,0
273;Wyrmrest Temple - bottom to top, Dragonblight - Begin;3547.219970703125,381.489990234375,52.2599983215332;0,0;0,0;571;0;0;1024;0;4689;0;0;0;26899,26899
274;Wyrmrest Temple - bottom to top, Dragonblight - End;3590.3798828125,277.5400085449219,340.8500061035156;0,0;0,0;571;0;0;1024;0;4689;0;0;0;0,0
275;Wyrmrest Temple - top to bottom, Dragonblight - Begin;3587.64990234375,279.2099914550781,340.8299865722656;0,0;0,0;571;0;0;1024;0;4689;0;0;0;26899,26899
276;Wyrmrest Temple - top to bottom, Dragonblight - End;3511.47998046875,373.92999267578125,52.2599983215332;0,0;0,0;571;0;0;1024;0;4689;0;0;0;0,0
277;Wyrmrest Temple - top to middle, Dragonblight - Begin;3587.550048828125,279.1400146484375,340.8299865722656;0,0;0,0;571;0;0;1024;0;4689;0;0;0;26899,26899
278;Wyrmrest Temple - top to middle, Dragonblight - End;3543.239990234375,307.0400085449219,116.7300033569336;0,0;0,0;571;0;0;1024;0;4689;0;0;0;0,0
279;Wyrmrest Temple - middle to top, Dragonblight - End;3587.0400390625,277.1400146484375,340.82000732421875;0,0;0,0;571;0;0;1024;0;4689;0;0;0;0,0
280;Wyrmrest Temple - middle to top, Dragonblight - Begin;3545.6201171875,273.6000061035156,116.83999633789062;0,0;0,0;571;0;0;1024;0;4689;0;0;0;26899,26899
281;Wyrmrest Temple - middle to bottom, Dragonblight - End;3512.219970703125,373.57000732421875,52.2599983215332;0,0;0,0;571;0;0;1024;0;4689;0;0;0;0,0
282;Wyrmrest Temple - middle to bottom, Dragonblight - Begin;3545.610107421875,273.6000061035156,116.83999633789062;0,0;0,0;571;0;0;1024;0;4689;0;0;0;26899,26899
283;Wyrmrest Temple - bottom to middle, Dragonblight - End;3543.3701171875,307.05999755859375,116.7300033569336;0,0;0,0;571;0;0;1024;0;4689;0;0;0;0,0
284;Wyrmrest Temple - bottom to middle, Dragonblight - Begin;3548.14990234375,381.010009765625,52.2599983215332;0,0;0,0;571;0;0;1024;0;4689;0;0;0;26899,26899
285;Quest - Wintergarde -> Stars' Rest (Start);0,0,0;0,0;0,0;0;0;0;1024;0;4689;0;0;0;0,27764
286;Quest - Wintergarde -> Stars' Rest (End);3503.760009765625,1990.1099853515625,65.12000274658203;0,0;0,0;571;0;0;1024;0;4689;0;0;0;0,0
287;Quest - Valgarde -> Westguard Keep Start;0,0,0;0,0;0,0;0;0;0;1024;0;4689;0;0;0;0,27491
288;Quest - Valgarde -> Westguard Keep End;1341.22998046875,-3288.909912109375,174.4600067138672;0,0;0,0;571;0;0;1024;0;4689;0;0;0;0,0
289;Amber Ledge, Borean Tundra;3587.840087890625,5973.2998046875,136.22000122070312;0,0;0,0;571;0;289;3;0;4689;0;0;0;26899,26899
290;Argent Stand, Zul'Drak;5450.2998046875,-2606.27001953125,306.9100036621094;0,0;0,0;571;0;0;1024;0;4689;0;0;0;28172,0
291;Ruined City Post 01, Zul'Drak;5028.68994140625,-3020.3798828125,292.4200134277344;0,0;0,0;571;0;0;1024;0;4689;0;0;0;0,0
292;Flavor - Stormwind Harbor  - Start;-8338.3603515625,1107.010009765625,57.2599983215332;0,0;0,0;0;0;0;1024;0;4689;0;0;0;0,541
293;Flavor - Stormwind Harbor - Stop;-8341.08984375,1101.8499755859375,57.2599983215332;0,0;0,0;0;0;0;1024;0;4689;0;0;0;0,0
294;Moa'ki, Dragonblight;2792.449951171875,908.9600219726562,22.329999923706055;-0.009999999776482582,0.004999999888241291;0,0;571;0;294;3;0;4689;0;0;0;2224,541
295;Kamagua, Howling Fjord;785.27001953125,-2887.7099609375,5.889999866485596;0.004999999888241291,-0.019999999552965164;0,0;571;0;295;3;0;4689;0;0;0;2224,541
296;Unu'pe, Borean Tundra;2919.18994140625,4046.090087890625,1.850000023841858;-0.007000000216066837,0.019999999552965164;0,0;571;0;296;3;0;4689;0;0;0;2224,541
297;Sholazar Basin - Quest - Reconnaisance - Start;5557.56982421875,5802.0498046875,-66.08999633789062;0,0;0,0;571;0;0;1024;0;4689;0;0;0;0,0
298;Sholazar Basin - Quest - Reconnaisance - End;5505.35009765625,4747.7900390625,-194.42999267578125;0,0;0,0;571;0;0;1024;0;4689;0;0;0;0,0
299;Transport: Menethil <-> Valgarde;0,0,0;0,0;0,0;0;0;0;1024;0;4689;0;0;0;0,0
300;Transport, Stormwind;0,0,0;0,0;0,0;0;0;0;1024;0;4689;0;0;0;0,0
301;Quest - Borean Tundra - Check In With Bixie - Begin;4125.509765625,5310.990234375,28.68000030517578;0,0;0,0;571;0;0;1024;0;4689;0;0;0;0,28360
302;Quest - Borean Tundra - Check In With Bixie - End;4171.830078125,4335.6298828125,36.22999954223633;0,0;0,0;571;0;0;1024;0;4689;0;0;0;0,0
303;Valiance Landing Camp, Wintergrasp;5100.81005859375,2185.64990234375,365.6199951171875;0,0;0,0;571;0;303;1;0;4689;0;0;0;0,541
304;The Argent Stand, Zul'Drak;5521.6298828125,-2672.25,303.95001220703125;0.009999999776482582,-0.03999999910593033;0,0;571;0;304;3;0;4689;0;0;0;2224,541
305;Ebon Watch, Zul'Drak;5218.89990234375,-1302.219970703125,242.16000366210938;0.014999999664723873,-0.009999999776482582;0,0;571;0;305;7;0;4689;0;0;0;32981,32981
306;Light's Breach, Zul'Drak;5190.10986328125,-2206.4599609375,239.39999389648438;0.014000000432133675,0;0,0;571;0;306;3;0;4689;0;0;0;2224,541
307;Zim'Torga, Zul'Drak;5777.39990234375,-3594.93994140625,386.69000244140625;0.012000000104308128,-0.009999999776482582;0,0;571;0;307;3;0;4689;0;0;0;2224,541
308;River's Heart, Sholazar Basin;5506.22998046875,4748.10009765625,-194.42999267578125;0,0;0,0;571;0;308;3;0;4689;0;0;0;28625,28625
309;Nesingwary Base Camp, Sholazar Basin;5596.10009765625,5824.3701171875,-67.7300033569336;0,0;0,0;571;7376;309;3;0;4689;0;0;0;28625,28625
310;Dalaran;5813.89013671875,449.1300048828125,658.75;0,0;0,0;571;0;310;3;0;4689;0;0;0;2224,541
311;Camp Onequah, Grizzly Hills (Quest);3877.909912109375,-4519.58984375,217.2899932861328;0,0;0,0;571;0;0;1024;0;4689;0;0;0;2224,0
312;Light's Breach, Zul'Drak (Quest);5189.669921875,-2206.85009765625,239.39999389648438;0,0;0,0;571;0;0;1024;0;4689;0;0;0;0,0
313;Westfall Brigade, Grizzly Hills (Quest);4584.009765625,-4250.3798828125,182.1699981689453;0,0;0,0;571;0;0;1024;0;4689;0;0;0;0,541
314;Zim'Torga, Zul'Drak (Quest);5779.1298828125,-3596.419921875,386.8500061035156;0,0;0,0;571;0;0;1024;0;4689;0;0;0;3574,0
315;Acherus: The Ebon Hold;2352.3701171875,-5666.91015625,382.239990234375;0.019999999552965164,0.08500000089406967;0,0;0;7305;315;3;0;4689;0;0;0;32981,32981
316;Ebon Hold - Acherus -> Death's Breach Start;0,0,0;0,0;0,0;0;0;0;1024;0;4689;0;0;0;29488,29488
317;Ebon Hold - Acherus -> Death's Breach End;2431,-5730.2099609375,157.94000244140625;0,0;0,0;609;0;0;1024;0;4689;0;0;0;0,0
318;Ebon Hold - Death's Breach -> Acherus Start;0,0,0;0,0;0,0;0;0;0;1024;0;4689;0;0;0;29501,29501
319;Ebon Hold - Death's Breach -> Acherus End;2356.510009765625,-5664.18017578125,382.25;0,0;0,0;609;0;0;1024;0;4689;0;0;0;0,0
320;K3, The Storm Peaks;6186.75,-1052.9100341796875,410.20001220703125;0.014000000432133675,0;0,0;571;0;320;3;0;4689;0;0;0;2224,541
321;Frosthold, The Storm Peaks;6667.0400390625,-258.70001220703125,961.9000244140625;-0.009999999776482582,0;0,0;571;0;321;1;0;4689;0;0;0;0,541
322;Dun Niffelem, The Storm Peaks;7308.0400390625,-2607.60009765625,814.7999877929688;0,-0.007000000216066837;0,0;571;0;322;3;0;4689;0;0;0;32585,32585
323;Grom'arsh Crash-Site, The Storm Peaks;7857.2998046875,-735.02001953125,1177.1500244140625;0.009999999776482582,-0.009999999776482582;0,0;571;0;323;2;0;4689;0;0;0;2224,0
324;Camp Tunka'lo, The Storm Peaks;7793.85009765625,-2810.090087890625,1217.030029296875;0.03400000184774399,0.007000000216066837;0,0;571;0;324;2;0;4689;0;0;0;2224,0
325;Death's Rise, Icecrown;7427.31982421875,4224.16015625,314.1099853515625;0,0;0,0;571;0;325;3;0;4689;0;0;0;32981,32981
326;Ulduar, The Storm Peaks;8864.740234375,-1324.3299560546875,1032.8199462890625;0.014999999664723873,0.03999999910593033;0,0;571;0;326;3;0;4689;0;0;0;2224,541
327;Bouldercrag's Refuge, The Storm Peaks;8472.4599609375,-335.95001220703125,906.47998046875;0,0;0,0;571;0;327;3;0;4689;0;0;0;2224,541
328;Transport, Icecrown Airship (A);7501.64990234375,1140.280029296875,682.22998046875;0,0;0,0;571;0;0;1024;0;4689;0;0;0;0,0
329;Transport, Icecrown Airship (H);7561.81005859375,1724.5899658203125,683.5599975585938;0,0;0,0;571;0;0;1024;0;4689;0;0;0;0,0
330;Transport, Icecrown (Target);7489.64013671875,1477.719970703125,328.6400146484375;0,0;0,0;571;0;0;1024;0;4689;0;0;0;0,0
331;Gundrak, Zul'Drak;6897.64990234375,-4118.22998046875,467.3500061035156;0,0;0,0;571;0;331;7;0;4689;0;0;0;2224,541
332;Warsong Camp, Wintergrasp;5024.990234375,3685.550048828125,362.94000244140625;0,0;0,0;571;0;332;2;0;4689;0;0;0;2224,0
333;The Shadow Vault, Icecrown;8408.08984375,2702.659912109375,655.1099853515625;0,-0.027000000700354576;0,0;571;0;333;3;0;4689;0;0;84362;32981,32981
334;The Argent Vanguard, Icecrown;6164.490234375,-61.310001373291016,388.17999267578125;0,0.017999999225139618;0,0;571;0;334;3;0;4689;0;0;0;2224,541
335;Crusaders' Pinnacle, Icecrown;6402.06005859375,467.8599853515625,511.2900085449219;0,0;0,0;571;0;335;3;0;4689;0;0;0;32586,32586
336;Windrunner's Overlook, Crystalsong Forest;5035.64990234375,-519.9600219726562,225.41000366210938;0.009999999776482582,0;0,0;571;0;336;1;0;4689;0;0;0;0,31315
337;Sunreaver's Command, Crystalsong Forest;5590.490234375,-693.22998046875,206.6300048828125;-0.004999999888241291,0.019999999552965164;0,0;571;0;337;2;0;4689;0;0;0;34709,0
338;Blackfathom Camp, Ashenvale;3880.510009765625,654.1599731445312,10.460000038146973;0,0;0,0;1;0;338;1;0;4689;0;0;0;0,3837
339;Grove of the Ancients, Darkshore;4970.5,147.64999389648438,51.63999938964844;-0.004999999888241291,0;0,0;1;0;339;9;0;4689;0;0;62814;0,3837
340;Argent Tournament Grounds, Icecrown;8475.7900390625,891.2000122070312,547.2899780273438;0,0;0,0;571;0;340;3;0;4689;0;0;0;34709,31315
341;Ulduar Raid - Interior - Insertion Point;-749.2000122070312,-99.98999786376953,429.67999267578125;0,0;0,0;603;0;0;1024;0;4689;0;0;0;25968,25968
342;Ulduar Raid - Iron Concourse;119.95999908447266,-71.62000274658203,409.79998779296875;0,0;0,0;603;0;0;1024;0;4689;0;0;0;25968,25968
343;Splintertree, Ashenvale;2309.22998046875,-2523.2099609375,103.05999755859375;0,0;0,0;1;0;0;1024;0;4689;0;0;0;20413,0
344;Quest - Splintertree  Post -> Zoramgar;2308.320068359375,-2521.550048828125,103.16000366210938;0,0;0,0;1;0;0;1024;0;4689;0;0;0;2224,0
345;Quest - Zoramgar, Ashenvale;3350.830078125,1054.239990234375,3.009999990463257;0,0;0,0;1;0;0;1024;0;4689;0;0;0;20413,0
346;Ashenvale 4.x, Azshara to Mor'shan Ramparts;2873.530029296875,-3740.510009765625,90.5999984741211;0,0;0,0;1;0;0;1024;0;4689;0;0;0;2224,0
347;Ashenvale 4.x, Mor'shan Landing;1225.780029296875,-2250.89990234375,91.76000213623047;0,0;0,0;1;0;0;1024;0;4689;0;0;0;0,0
348;Transport: Thunder Bluff <-> Org (Zep);0,0,0;0,0;0,0;0;0;0;1024;0;4689;0;0;0;0,0
349;Andruk, Zoram'gar;3350.2099609375,1054.1199951171875,3.0299999713897705;0,0;0,0;1;0;0;1024;0;4689;0;0;0;2224,0
350;Hellscream's Watch, Ashenvale;3049.080078125,-498.95001220703125,205.63999938964844;-0.007000000216066837,0;0,0;1;0;350;2;0;4689;0;0;0;2224,0
351;Stardust Spire, Ashenvale;1905.1099853515625,-321.989990234375,118.25;0.009999999776482582,0.009999999776482582;0,0;1;0;351;1;0;4689;0;0;0;0,3837
352;Isle of Conquest - Gunships;0,0,0;0,0;0,0;0;0;0;1024;0;4689;0;0;0;0,0
354;The Mor'Shan Ramparts, Ashenvale;1206.050048828125,-2209.14990234375,92.1406021118164;0,0;0,0;1;0;354;2;0;4689;0;0;0;2224,0
356;Silverwind Refuge, Ashenvale;2159.6201171875,-1144.050048828125,97.87000274658203;0,-0.009999999776482582;0,0;1;0;356;2;0;4689;0;0;0;2224,0
358;Quest - Icecrown - North Sea Kraken Bombing - Start;8498.3203125,1066.3199462890625,552.1900024414062;0,0;0,0;571;0;0;1024;0;4689;0;0;0;35146,35146
359;Quest - Icecrown - North Sea Kraken Bombing - End;8501.5302734375,1064.02001953125,552.1900024414062;0,0;0,0;571;0;0;1024;0;4689;0;0;0;33857,33857
360;Cliffwalker Post, Stonetalon Mountains;2188,1241.8900146484375,465.76300048828125;0.009999999776482582,-0.014999999664723873;0,0;1;0;360;2;0;4689;0;0;0;42886,0
361;Windshear Hold, Stonetalon Mountains;1268.510009765625,432.8699951171875,95.55999755859375;0,0;0,0;1;0;361;1;0;4689;0;0;0;0,3837
362;Krom'gar Fortress, Stonetalon Mountains;932.1199951171875,-21.25,92.80999755859375;0.014999999664723873,0;0,0;1;0;362;2;0;4689;0;0;0;2224,0
363;Malaka'jin, Stonetalon Mountains;-111.94000244140625,-260.4100036621094,23.8799991607666;0,0;0,0;1;0;363;2;0;4689;0;0;0;2224,0
364;Northwatch Expedition Base Camp, Stonetalon Mountains;237.8800048828125,-281.3500061035156,92.76000213623047;0,0;0,0;1;0;364;1;0;4689;0;0;0;0,541
365;Farwatcher's Glen, Stonetalon Mountains;973.9400024414062,2013.1300048828125,126.58999633789062;0.014999999664723873,0.00800000037997961;0,0;1;0;365;1;0;4689;0;0;0;0,3837
366;Furien's Post, Desolace;-439.1499938964844,2242.6201171875,93.08999633789062;-0.007000000216066837,0;0,0;1;0;366;2;0;4689;0;0;0;19917,0
367;Thargad's Camp, Desolace;-1694.530029296875,2577.570068359375,136.58999633789062;0.006000000052154064,0;0,0;1;0;367;1;0;4689;0;0;0;0,541
368;Karnum's Glade, Desolace;-1038.4300537109375,1637.989990234375,60.560001373291016;-0.007000000216066837,-0.03700000047683716;0,0;1;0;368;3;0;4689;0;0;0;2224,3837
369;Thunk's Abode, Desolace;-534.0399780273438,1056.6800537109375,89.91000366210938;0.004999999888241291,0;0,0;1;0;369;3;0;4689;0;0;0;36709,36709
370;Ethel Rethor, Desolace;-356.4700012207031,2478.89990234375,75.94999694824219;0.00800000037997961,-0.012000000104308128;0,0;1;0;370;3;0;4689;0;0;0;36706,36706
371;Vashj'ir - Alliance Start;0,0,0;0,0;0,0;0;0;0;1024;0;4689;0;0;0;0,0
372;Vashj'ir - Alliance End;0,0,0;0,0;0,0;0;0;0;1024;0;4689;0;0;0;0,0
373;Mulgore - Red Cloud Mesa: To Bloodhoof;-2936.139892578125,-1.5199999809265137,189.07000732421875;0,0;0,0;1;0;0;1024;0;4689;0;0;0;0,0
374;Mulgore - Red Cloud Mesa: To Bloodhoof (End);-2333.389892578125,-388.45001220703125,-7.96999979019165;0,0;0,0;1;0;0;1024;0;4689;0;0;0;0,0
375;Transport, Gadgetzan;0,0,0;0,0;0,0;0;0;0;1024;0;4689;0;0;0;0,0
376;Icecrown Raid - Airship Battle Taxi Paths;0,0,0;0,0;0,0;0;0;0;1024;0;4689;0;0;0;0,0
377;Icecrown Dungeon - Gunships;0,0,0;0,0;0,0;0;0;0;1024;0;4689;0;0;0;0,0
378;Quest - Dun Morogh - Coldridge Valley - Pack Your Bags End;0,0,0;0,0;0,0;0;0;0;1024;0;4689;0;0;0;30853,0
379;Icecrown Raid - Saurfang's Ship (End);-200.58999633789062,1437.530029296875,-452.2699890136719;0,0;0,0;631;0;0;1024;0;4689;0;0;0;0,0
380;Icecrown Raid - Saurfang's Ship (Start);0,0,0;0,0;0,0;0;0;0;1024;0;4689;0;0;0;0,0
381;Quest [Transport] Icecrown Raid - Saurfang Ship (START);0,0,0;0,0;0,0;0;0;0;1024;0;4689;0;0;0;0,0
382;Quest [Transport] Icecrown Raid - Saurfang Ship (END);0,0,0;0,0;0,0;0;0;0;1024;0;4689;0;0;0;0,0
383;Thondroril River, Eastern Plaguelands;1935.969970703125,-2694.47998046875,61.94710159301758;0.00800000037997961,0.00800000037997961;0,0;0;0;383;3;0;4689;0;0;0;2224,541
384;The Bulwark, Tirisfal;1726.6199951171875,-740.9810180664062,59.928199768066406;-0.004999999888241291,0.0020000000949949026;0,0;0;0;384;2;0;4689;0;0;0;3574,0
386;Mossy Pile, Un'Goro Crater;-6958.43994140625,-1095.239990234375,-272.6499938964844;0.004000000189989805,-0.012000000104308128;0,0;1;0;9;3;0;4689;0;0;0;2224,541
387;Honor's Stand, Southern Barrens;-335.20001220703125,-1532.43994140625,87.51000213623047;0.0009980039903894067,0.011627906933426857;0,0;1;0;85;1;0;4689;0;0;0;0,541
388;Northwatch Hold, Southern Barrens;-2124.2099609375,-3561.7900390625,100.88999938964844;0,0;0,0;1;0;86;1;0;4689;0;0;0;0,541
389;Fort Triumph, Southern Barrens;-3150.25,-2286.27001953125,93.01000213623047;0,0;0,0;1;0;87;1;0;4689;0;0;0;0,541
390;Hunter's Hill, Southern Barrens;-798.719970703125,-1590.8699951171875,140.6300048828125;0.009980039671063423,-0.0029069767333567142;0,0;1;0;34;2;0;4689;0;0;0;2224,0
391;Desolation Hold, Southern Barrens;-3288.85009765625,-1697.989990234375,122.62000274658203;0.019999999552965164,0;0,0;1;0;15;2;0;4689;0;0;0;2224,0
392;CC Prologue - GT - Quest - Vent Horizon - Start;-5448.5,-665.0800170898438,392.95001220703125;0,0;0,0;0;0;0;1024;0;4689;0;0;0;28625,28625
393;CC Prologue - GT - Quest - Vent Horizon - End;-5447.85009765625,-665.5900268554688,393.1600036621094;0,0;0,0;0;0;0;1024;0;4689;0;0;0;35146,35146
394;CC Prologue - GT - Battle Flight - Start;-5451.47998046875,-667.72998046875,393.010009765625;0,0;0,0;0;0;0;1024;0;4689;0;0;0;28625,28625
395;CC Prologue - GT - Battle Flight - End;-5434.7099609375,523.0900268554688,388.29998779296875;0,0;0,0;0;0;0;1024;0;4689;0;0;0;0,0
402;Bloodhoof Village, Mulgore;-2299.5400390625,-379.0690002441406,-9.118289947509766;0.004999999888241291,0;0,0;1;0;51;2;0;4689;0;0;0;2224,0
404;Durotar - ET - CC Prologue Spy Frog Start;-839.6400146484375,-4985.35009765625,14.649999618530273;0,0;0,0;1;0;0;1024;0;4689;0;0;0;40203,0
405;Durotar - ET - CC Prologue Spy Frog End;-838.010009765625,-4986.27978515625,14.75;0,0;0,0;1;0;0;1024;0;4689;0;0;0;40203,0
413;"Quest - ""To The Summit"" - Westreach Summit - End";-4305.919921875,-923.5700073242188,81.1500015258789;0,0;0,0;1;0;0;1024;0;4689;0;0;0;0,0
414;"Quest - ""To The Summit"" - Camp Mojache -> Westreach Summit - Begin";-4568.22021484375,-3224.090087890625,34.869998931884766;0,0;0,0;1;0;0;1024;0;4689;0;0;0;2224,0
429;"Quest - ""To The Summit"" - Mudsprocket -> Westreach Summit - Begin";-4567.52978515625,-3224.610107421875,34.84000015258789;0,0;0,0;1;0;0;1024;0;4689;0;0;0;2224,0
433;"Quest - ""To New Thalanaar"" - Mudsprocket -> New Thalanaar - Begin";-4462.35986328125,-543.0399780273438,5.400000095367432;0,0;0,0;1;0;0;1024;0;4689;0;0;0;0,36706
434;"Quest - ""To New Thalanaar"" - New Thalanaar - End";-4462.0498046875,-543.3900146484375,5.369999885559082;0,0;0,0;1;0;0;1024;0;4689;0;0;0;0,0
436;"Quest - ""To New Thalanaar"" - Shadebough -> New Thalanaar - Begin";-4997.68017578125,71.01000213623047,99.88999938964844;0,0;0,0;1;0;0;1024;0;4689;0;0;0;0,31315
438;Durotar - ET - CC Prologue Troll Taxi Bat Start;-838.8499755859375,-4985.990234375,14.710000038146973;0,0;0,0;1;0;0;1024;0;4689;0;0;0;3574,0
439;Durotar - ET - CC Prologue Troll Recruit End;284.3800048828125,-4762.35986328125,12.5600004196167;0,0;0,0;1;0;0;1024;0;4689;0;0;0;3574,0
440;Durotar - ET - CC Prologue - Troll Battle End;-848.2000122070312,-5339.4599609375,3.069999933242798;0,0;0,0;1;0;0;1024;0;4689;0;0;0;0,0
456;Dolanaar, Teldrassil;9873.099609375,977.697998046875,1309.97998046875;0,0;0,0;1;0;36;9;0;4689;0;0;62814;0,3837
457;Darnassus, Teldrassil;9968.7998046875,2622.090087890625,1316.0799560546875;0,0;0,0;1;0;35;9;0;4689;0;0;62814;0,3837
458;Nozzlepot's Outpost, Northern Barrens;1152.5999755859375,-3381.739990234375,91.8053970336914;0.004990019835531712,-0.004360465332865715;0,0;1;0;46;2;0;4689;0;0;0;2224,0
460;Brill, Tirisfal Glades;2272.679931640625,372.0639953613281,35.76110076904297;0,-0.004999999888241291;0,0;0;96847;113;10;0;4689;0;0;0;3574,0
509;Quest Path 2063: Brian's 4.0 Test Path ;16083.099609375,16120.099609375,69.44439697265625;0,0;0,0;451;0;0;1024;0;4689;0;0;0;28783,28783
513;Fizzle & Pozzik's Speedbarge, Thousand Needles;-6075.3701171875,-3913.43994140625,21.622400283813477;0.017999999225139618,0.009999999776482582;0,0;1;0;47;3;0;4689;0;0;0;2224,3837
521;Smuggler's Scar, Vashj'ir;-4588.0498046875,3481.1201171875,-102.71800231933594;-0.009999999776482582,-0.03999999910593033;0,0;0;0;57;3;0;4689;0;0;0;40848,40848
522;Silver Tide Hollow, Vashj'ir;-6105.60986328125,4285.080078125,-350.5;0,0.014999999664723873;0,0;0;0;54;3;0;4689;0;0;0;40848,40848
523;Tranquil Wash, Vashj'ir;-6616.39990234375,4308.27978515625,-564.0770263671875;0.0020000000949949026,-0.0020000000949949026;0,0;0;0;60;1;0;4689;0;0;0;0,40848
524;Darkbreak Cove, Vashj'ir;-6902.25,5943.81982421875,-766.5159912109375;0.019999999552965164,-0.054999999701976776;0,0;0;0;59;1;0;4689;0;0;0;0,40848
525;Legion's Rest, Vashj'ir;-6805.6298828125,4199.85009765625,-480.9469909667969;-0.007000000216066837,-0.029999999329447746;0,0;0;0;157;2;0;4689;0;0;0;40848,0
526;Tenebrous Cavern, Vashj'ir;-6507.990234375,6075.25,-671.4609985351562;0.07199999690055847,0.02500000037252903;0,0;0;0;161;2;0;4689;0;0;0;40848,0
531;Dawnrise Expedition, Tanaris;-9487.8896484375,-2467.1298828125,16.728599548339844;0,0;0,0;1;0;78;2;0;4689;0;0;0;2224,0
532;Gunstan's Dig, Tanaris;-9493.7099609375,-2953.989990234375,12.682600021362305;0,0;0,0;1;0;81;1;0;4689;0;0;0;0,541
536;Sen'jin Village, Durotar;-780.2670288085938,-4890.27978515625,19.62150001525879;-0.004999999888241291,0;0,0;1;0;63;2;0;4689;0;0;0;3574,0
537;Razor Hill, Durotar;269.9169921875,-4766.759765625,11.494600296020508;0,0.00800000037997961;0,0;1;0;62;2;0;4689;0;0;0;2224,0
538;test - JZB - Orgrim's Hammer;4.65693998336792,-2.343980073928833,34.3213005065918;0,0;0,0;622;0;0;1024;0;4689;0;0;0;0,0
539;Bootlegger Outpost, Tanaris;-8683.08984375,-4088.10009765625,40.055301666259766;0.009999999776482582,0.014000000432133675;0,0;1;0;77;3;0;4689;0;0;0;2224,541
540;The Sludgewerks, Stonetalon Mountains;1825.93994140625,727.2080078125,162.1230010986328;0.009999999776482582,0;0,0;1;0;165;2;0;4689;0;0;0;2224,0
541;Mirkfallon Post, Stonetalon Mountains;1379.4200439453125,1034.8599853515625,165.08799743652344;0.010999999940395355,0;0,0;1;0;170;1;0;4689;0;0;0;0,3837
551;Whelgar's Retreat, Wetlands;-3222.929931640625,-1989.489990234375,50.54750061035156;0.01600000075995922,0;0,0;0;0;168;1;0;4689;0;0;0;0,541
552;Greenwarden's Grove, Wetlands;-3306.64990234375,-2718.68994140625,20.483600616455078;-0.006000000052154064,0;0,0;0;0;162;1;0;4689;0;0;0;0,3837
553;Dun Modr, Wetlands;-2656.5400390625,-2464.280029296875,80.33779907226562;0,0;0,0;0;0;176;1;0;4689;0;0;0;0,541
554;Slabchisel's Survey, Wetlands;-4113.60009765625,-2741.2099609375,18.991100311279297;0.009999999776482582,-0.004999999888241291;0,0;0;0;169;1;0;4689;0;0;0;0,541
555;Farstrider Lodge, Loch Modan;-5668.31005859375,-4253.43994140625,407.0150146484375;0.019999999552965164,0.004999999888241291;0,0;0;924;84;1;0;4689;0;0;0;0,541
557;Shrine of Aviana, Hyjal;4987.8701171875,-2676.18994140625,1426.3599853515625;0,0;0,0;1;0;137;3;0;4689;0;0;0;3837,3837
558;Grove of Aessina, Hyjal;5163.509765625,-1760.5799560546875,1338.469970703125;0.009999999776482582,-0.014999999664723873;0,0;1;0;91;3;0;4689;0;0;0;3837,3837
559;Nordrassil, Hyjal;5584.06005859375,-3569.840087890625,1570.5999755859375;0,0;0,0;1;0;90;3;0;4689;0;0;0;3837,3837
560;Quest Path 2171: [3.x] Transport, Org -> Undercity (Thundercaller);1281.25,-4803.4599609375,19.677799224853516;0,0;0,0;1;0;0;1024;0;4689;0;0;0;3574,3574
561;Quest Path 2172: [3.x] Transport, Thunder Bluff -> Org (Zephyr);1338.449951171875,-4788.7900390625,23.72089958190918;0,0;0,0;1;0;0;1024;0;4689;0;0;0;3574,3574
562;Quest Path 2173: [3.x] Transport, Borean Tundra -> Org (Mighty Wind);1288.010009765625,-4702.06982421875,18.968299865722656;0,0;0,0;1;0;0;1024;0;4689;0;0;0;3574,3574
563;Quest Path 2174: [3.x] Transport, Grom'gol -> Orgrimmar (The Iron Eagle);1283.8399658203125,-4644.6298828125,34.75669860839844;0,0;0,0;1;0;0;1024;0;4689;0;0;0;3574,3574
564;Quest Path 2175: Stonetalon 4.x - Taxi to Thal'darah Overlook Start;2146.429931640625,1538.280029296875,341.2439880371094;0,0;0,0;1;0;0;1024;0;4689;0;0;0;27127,27127
565;Dreamer's Rest, Feralas;-3136.6201171875,1951.6700439453125,41.59880065917969;0.009999999776482582,-0.009999999776482582;0,0;1;0;155;1;0;4689;0;0;0;0,3837
567;Tower of Estulan, Feralas;-4863.64013671875,1478.1600341796875,84.84750366210938;0,0;0,0;1;0;88;1;0;4689;0;0;0;0,3837
568;Camp Ataya, Feralas;-3081.699951171875,2560.10009765625,50.179100036621094;-0.007000000216066837,0;0,0;1;0;158;2;0;4689;0;0;0;2224,0
569;Stonemaul Hold, Feralas;-4606.52001953125,1898.18994140625,107.8489990234375;0,0;0,0;1;0;89;2;0;4689;0;0;0;2224,0
574;Quest Path 2201: Dun Morogh - Quest - Flight to Ironforge Airfield;-4490.06005859375,-1585.56005859375,509.0050048828125;0,0;0,0;0;0;0;1024;0;4689;0;0;0;28625,28625
575;Quest Path 2203: Dun Morogh - Quest - Striking Back (Bombing Run);-4560.14990234375,-1641.18994140625,503.3240051269531;0,0;0,0;0;0;0;1024;0;4689;0;0;0;42097,42097
577;Quest Path 2206: Ironforge, Dun Morogh - Quest - Breadcrumb to Loch Modan;-5530.81982421875,-2377.97998046875,400.6090087890625;0,0;0,0;0;0;0;1024;0;4689;0;0;0;541,541
578;Quest Path 2207: Dun Morogh - Quest - Flight to Gol'Bolar from Ironforge Airfield;-5689.3701171875,-1568.72998046875,383.2309875488281;0,0;0,0;0;0;0;1024;0;4689;0;0;0;28625,28625
582;Goldshire, Elwynn;-9433.990234375,85.14929962158203,56.73400115966797;0.004999999888241291,-0.009999999776482582;0,0;0;0;96;1;0;4689;0;0;0;0,541
583;Moonbrook, Westfall;-10876.900390625,1542.8800048828125,54.528900146484375;0,0;0,0;0;0;92;1;0;4689;0;0;0;0,541
584;Furlbrow's Pumpkin Farm, Westfall;-9838.509765625,1273.9300537109375,40.70669937133789;0.009999999776482582,0;0,0;0;0;95;1;0;4689;0;0;0;0,541
585;Quest Path 293: Transport, Auberdine -> Rut'theran Village, Teldrassil (NO LONGER USED in 4.x);8334.759765625,1029.8299560546875,22.79170036315918;0,0;0,0;1;0;0;1024;0;4689;0;0;0;3574,3574
586;Justin Test Node 1;2186.68994140625,1241.300048828125,465.7049865722656;0,0;0,0;1;0;0;1024;0;4689;0;0;0;42886,27397
587;Justin Test Node 2;2186.68994140625,1241.300048828125,465.7049865722656;0,0;0,0;1;0;0;1024;0;4689;0;0;0;27397,27397
589;Eastvale Logging Camp, Elwynn;-9475.7099609375,-1306.739990234375,44.149600982666016;0.004999999888241291,0.007000000216066837;0,0;0;0;97;1;0;4689;0;0;0;0,541
590;Fort Livingston, Stranglethorn;-12828.7998046875,-413.7099914550781,12.96660041809082;0,0.003000000026077032;0,0;0;0;98;1;0;4689;0;0;0;0,541
591;Explorers' League Digsite, Stranglethorn;-13600.900390625,-85.54859924316406,37.80780029296875;0.009999999776482582,-0.014999999664723873;0,0;0;0;103;1;0;4689;0;0;0;0,541
592;Hardwrench Hideaway, Stranglethorn;-13288.2998046875,722.0280151367188,3.753890037536621;0.007000000216066837,0;0,0;0;0;175;2;0;4689;0;0;0;2224,0
593;Bambala, Stranglethorn;-12092.2001953125,-814.0989990234375,42.34109878540039;-0.007000000216066837,0;0,0;0;0;174;2;0;4689;0;0;0;2224,0
594;Whisperwind Grove, Felwood;6078.509765625,-844.9979858398438,412.27398681640625;0,-0.024000000208616257;0,0;1;0;104;3;0;4689;0;0;0;54271,3837
595;Wildheart Point, Felwood;4734.16015625,-883.8060302734375,342.9339904785156;0,0;0,0;1;0;105;3;0;4689;0;0;0;2224,3837
596;Shalewind Canyon, Redridge;-9641.669921875,-3479.3701171875,121.95600128173828;0,0.009999999776482582;0,0;0;0;173;1;0;4689;0;0;0;0,541
597;Irontree Clearing, Felwood;6892.68994140625,-1620.4100341796875,503.1059875488281;0,-0.00800000037997961;0,0;1;0;106;2;0;4689;0;0;0;2224,0
598;Marshtide Watch, Swamp of Sorrows;-10176.599609375,-3836.5400390625,17.986000061035156;0,0.027000000700354576;0,0;0;0;108;1;0;4689;0;0;0;0,541
599;Bogpaddle, Swamp of Sorrows;-9737.080078125,-3890.719970703125,22.729999542236328;-0.007000000216066837,-0.004999999888241291;0,0;0;0;107;3;0;4689;0;0;0;2224,541
600;The Harborage, Swamp of Sorrows;-10118.599609375,-2852.47998046875,23.464099884033203;-0.009999999776482582,0.014999999664723873;0,0;0;0;109;5;0;4689;0;0;0;0,3837
601;Galen's Fall, Arathi;-952.3770141601562,-1585.739990234375,51.30039978027344;0,0;0,0;0;64389;172;14;0;4689;0;0;0;3574,0
602;Surwich, Blasted Lands;-12761.900390625,-2919.0400390625,7.0483598709106445;-0.00800000037997961,0.004999999888241291;0,0;0;46758;110;9;0;4689;0;0;46758;0,3837
603;Sunveil Excursion, Blasted Lands;-12357.599609375,-3058.22998046875,90.32420349121094;0,0;0,0;0;46791;111;10;0;4689;0;0;0;19917,0
604;Dreadmaul Hold, Blasted Lands;-10933.2998046875,-2790.97998046875,25.696800231933594;-0.009999999776482582,0.014999999664723873;0,0;0;46791;112;14;0;4689;0;0;0;2224,0
605;Voldrin's Hold, Vashj'ir;-7209.7099609375,3925.85009765625,14.746600151062012;0,0;0,0;0;0;134;1;0;4689;0;0;0;0,541
606;Sandy Beach, Vashj'ir;-5310.85009765625,3914.419921875,3.224329948425293;0,0;0,0;0;0;133;1;0;4689;0;0;0;0,541
607;Sandy Beach, Vashj'ir;-5267.35009765625,3900.27001953125,0.9749060273170471;0,0;0,0;0;0;131;1;0;4689;0;0;0;0,40848
608;Sandy Beach, Vashj'ir;-5671.02001953125,3720.070068359375,1.9156899452209473;0,0;0,0;0;0;115;2;0;4689;0;0;0;2224,0
609;Sandy Beach, Vashj'ir;-5669.18994140625,3711.81005859375,1.1627800464630127;0,0;0,0;0;0;114;2;0;4689;0;0;0;40848,0
610;Stygian Bounty, Vashj'ir;-6878.52001953125,4244.7099609375,9.775919914245605;0.03999999910593033,0;0,0;0;0;116;2;0;4689;0;0;0;2224,0
611;Voldrin's Hold, Vashj'ir;-7198.97021484375,3912.360107421875,3.8512001037597656;0,0;0,0;0;0;132;1;0;4689;0;0;0;0,40848
612;Stygian Bounty, Vashj'ir;-6880.169921875,4278.06005859375,2.1512999534606934;0.05000000074505806,0;0,0;0;0;178;2;0;4689;0;0;0;40848,0
613;Southern Rocketway, Azshara;2647.7900390625,-6214.39990234375,100.11100006103516;0.004000000189989805,0;0,0;1;0;135;2;0;4689;0;0;0;28625,0
614;Northern Rocketway, Azshara;4611.3798828125,-7041.7998046875,153.84300231933594;0.007000000216066837,0;0,0;1;0;136;2;0;4689;0;0;0;28625,0
615;Camp Everstill, Redridge;-9446.6396484375,-2836.989990234375,64.57610321044922;0.009999999776482582,-0.00800000037997961;0,0;0;0;171;1;0;4689;0;0;0;0,541
616;Gates of Sothann, Hyjal;4059.39990234375,-3966.75,970.1489868164062;0.012000000104308128,-0.009999999776482582;0,0;1;0;138;3;0;4689;0;0;0;43538,43538
617;Hiri'watha Research Station, The Hinterlands;-25.775999069213867,-2821.780029296875,125.16999816894531;0,0.00800000037997961;0,0;0;0;143;2;0;4689;0;0;0;3574,0
618;Stormfeather Outpost, The Hinterlands;312.32598876953125,-4105.35986328125,118.28900146484375;0.007000000216066837,0.003000000026077032;0,0;0;0;142;1;0;4689;0;0;0;0,541
619;Kharanos, Dun Morogh;-5660.7998046875,-494.85101318359375,397.00799560546875;0.007000000216066837,0;0,0;0;0;144;1;0;4689;0;0;0;0,541
620;Gol'Bolar Quarry, Dun Morogh;-5714.14013671875,-1578.6400146484375,383.2040100097656;0.012000000104308128,0.00800000037997961;0,0;0;0;145;1;0;4689;0;0;0;0,541
621;Quest Path 2367: QA's Test Path 1;2845.93994140625,769.9650268554688,0;0,0;0,0;606;0;0;1024;0;4689;0;0;0;13161,13161
622;Raven Hill, Duskwood;-10737.599609375,267.0429992675781,42.347801208496094;0,-0.008999999612569809;0,0;0;0;177;1;0;4689;0;0;0;0,541
623;Quest Path 2374: Deeopholm Test Copy;1222.719970703125,-278.97601318359375,42.0255012512207;0,0;0,0;646;0;0;1024;0;4689;0;0;0;3574,3574
624;Azure Watch, Azuremyst Isle;-4130.080078125,-12520.5,44.330501556396484;0.009999999776482582,-0.009999999776482582;0,0;530;924;146;1;0;4689;0;0;0;0,3837
625;Fairbreeze Village, Eversong Woods;8745.7802734375,-6654.1201171875,69.9166030883789;-0.006000000052154064,0;0,0;530;145597;181;2;0;4689;0;0;145597;19917,0
626;Quest Path 508: zzzThe Exodar -> Blood Watch, Bloodmyst Isle;-3864.989990234375,-11643.2998046875,-137.64599609375;0,0;0,0;530;0;0;1024;0;4689;0;0;0;3837,3837
627;Quest Path 2376: zzzThe Exodar -> Azure Watch, Azuremyst Isle;-3864.260009765625,-11646.099609375,-137.63699340820312;0,0;0,0;530;0;0;1024;0;4689;0;0;0;3837,3837
628;Quest Path 507: zzzBlood Watch, Bloodmyst Isle -> The Exodar;-3865.949951171875,-11644.599609375,-137.6490020751953;0,0;0,0;530;0;0;1024;0;4689;0;0;0;3837,3837
629;Quest Path 2375: zzzAzure Watch, Azuremyst Isle -> The Exodar;-3870.300048828125,-11645.7001953125,-137.6719970703125;0,0;0,0;530;0;0;1024;0;4689;0;0;0;3837,3837
630;Light's Shield Tower, Eastern Plaguelands;2262.10009765625,-4411.52001953125,111.6520004272461;0.014999999664723873,0;0,0;0;0;148;3;0;4689;0;0;0;44248,44248
631;Falconwing Square, Eversong Woods;9501.9296875,-6767.08984375,16.493600845336914;0,0.009999999776482582;0,0;530;145597;180;2;0;4689;0;0;145597;19917,0
632;Bloodwatcher Point, Badlands;-6898.25,-3513.989990234375,242.0850067138672;0,-0.014999999664723873;0,0;0;0;186;2;0;4689;0;0;0;2224,0
633;Dustwind Dig, Badlands;-6594.08984375,-3401.179931640625,279.2090148925781;0,0;0,0;0;0;188;1;0;4689;0;0;0;0,541
634;Dragon's Mouth, Badlands;-7034.52978515625,-2570.7900390625,252.1529998779297;0.007000000216066837,-0.008999999612569809;0,0;0;0;182;1;0;4689;0;0;0;0,541
635;Fuselight, Badlands;-6574.93994140625,-3875.1298828125,390.94000244140625;0.007000000216066837,0;0,0;0;0;187;3;0;4689;0;0;0;2224,541
645;Forsaken High Command, Silverpine Forest;1421.02001953125,1018.22998046875,52.667198181152344;0,-0.014999999664723873;0,0;0;0;193;2;0;4689;0;0;0;3574,0
646;Forsaken Forward Command, Gilneas;-910.2210083007812,1638.5999755859375,68.36959838867188;0,0;0,0;0;10723;189;2;0;4689;0;0;0;3574,0
649;Andorhal, Western Plaguelands;1511.800048828125,-1586.949951171875,64.34190368652344;0.004000000189989805,0;0,0;0;0;194;2;0;4689;0;0;0;3574,0
650;Andorhal, Western Plaguelands;1374.22998046875,-1281.93994140625,59.17399978637695;0,0;0,0;0;10988;197;1;0;4689;0;0;0;0,541
651;The Menders' Stead, Western Plaguelands;1864.3199462890625,-1755.8199462890625,59.6619987487793;0.009999999776482582,-0.007000000216066837;0,0;0;0;198;3;0;4689;0;0;0;3837,3837
652;Ramkahen, Uldum;-9415.01953125,-1042.969970703125,113.39600372314453;0,0;0,0;1;0;221;3;0;4689;0;0;0;2224,541
653;Oasis of Vir'sar, Uldum;-8375.4697265625,791.2589721679688,148.4219970703125;0,0;0,0;1;0;219;3;0;4689;0;0;0;48277,48277
654;The Forsaken Front, Silverpine Forest;-114.14199829101562,1312.3199462890625,56.741600036621094;-0.00800000037997961,0;0,0;0;0;199;2;0;4689;0;0;0;3574,0
656;Crushblow, Twilight Highlands;-4831.759765625,-4848.93017578125,198.94700622558594;0,0;0,0;0;0;201;2;0;4689;0;0;0;2224,0
657;The Gullet, Twilight Highlands;-3494.6298828125,-4379.47998046875,210.49200439453125;0.017000000923871994,-0.0005000000237487257;0,0;0;0;206;2;0;4689;0;0;0;2224,0
658;Vermillion Redoubt, Twilight Highlands;-3032.760009765625,-3940.969970703125,282.3269958496094;0.013000000268220901,-0.00800000037997961;0,0;0;10950;204;3;0;4689;0;0;0;26899,26899
659;Bloodgulch, Twilight Highlands;-3637.56005859375,-5288.18994140625,42.64419937133789;0.009999999776482582,-0.007000000216066837;0,0;0;0;210;2;0;4689;0;0;0;2224,0
660;The Krazzworks, Twilight Highlands;-2780.179931640625,-6409.27978515625,231.90499877929688;0,0;0,0;0;0;200;2;0;4689;0;0;0;28625,0
661;Dragonmaw Port, Twilight Highlands;-4012.449951171875,-6329.25,39.308998107910156;0,0;0,0;0;0;211;2;0;4689;0;0;0;2224,0
662;Highbank, Twilight Highlands;-4863.10009765625,-6740.60986328125,9.416769981384277;0,0;0,0;0;0;203;1;0;4689;0;0;0;0,541
663;Victor's Point, Twilight Highlands;-4170.5498046875,-4748.93017578125,126.78700256347656;0,0;0,0;0;0;202;1;0;4689;0;0;0;0,541
664;Firebeard's Patrol, Twilight Highlands;-4183.89990234375,-5620.14990234375,25.21030044555664;0,-0.00800000037997961;0,0;0;0;207;1;0;4689;0;0;0;0,541
665;Thundermar, Twilight Highlands;-3146.919921875,-4994.27978515625,128.48500061035156;-0.007000000216066837,-0.014999999664723873;0,0;0;0;208;1;0;4689;0;0;0;0,541
666;Kirthaven, Twilight Highlands;-2689.429931640625,-5427.52978515625,190.20700073242188;0.014999999664723873,-0.00800000037997961;0,0;0;0;209;1;0;4689;0;0;0;0,541
667;Ruins of Southshore, Hillsbrad;-661.8369750976562,-536.4929809570312,28.21500015258789;0,0.008999999612569809;0,0;0;0;212;2;0;4689;0;0;0;3574,0
668;Southpoint Gate, Hillsbrad;-605.1840209960938,435.4649963378906,79.4447021484375;-0.006000000052154064,0;0,0;0;0;214;2;0;4689;0;0;0;3574,0
669;Eastpoint Tower, Hillsbrad;-566.8889770507812,-1051.199951171875,59.40549850463867;0,-0.007000000216066837;0,0;0;0;215;2;0;4689;0;0;0;3574,0
670;Strahnbrad, Alterac Mountains;622.8510131835938,-979.5780029296875,169.62100219726562;0.008999999612569809,0.019999999552965164;0,0;0;0;216;2;0;4689;0;0;0;3574,0
672;Hearthglen, Western Plaguelands;2839.780029296875,-1500.510009765625,146.08900451660156;0,0.029999999329447746;0,0;0;0;217;3;0;4689;0;0;0;44248,44248
673;Iron Summit, Searing Gorge;-7123.06005859375,-1236.6300048828125,290.1310119628906;0,-0.004999999888241291;0,0;0;0;218;3;0;4689;0;0;0;2224,541
674;Schnottz's Landing, Uldum;-10711.900390625,1059.6199951171875,24.14900016784668;0,0;0,0;1;0;220;3;0;4689;0;0;75733;28360,28360
675;Flamestar Post, Burning Steppes;-8092.259765625,-1025.7900390625,132.66600036621094;-0.012000000104308128,0;0,0;0;0;222;3;0;4689;0;0;0;2224,541
676;Chiselgrip, Burning Steppes;-7865.93017578125,-1919.530029296875,144.7220001220703;0,-0.014999999664723873;0,0;0;0;223;3;0;4689;0;0;0;2224,541
681;Forsaken Rear Guard, Silverpine Forest;1056.06005859375,1518.9000244140625,30.138399124145508;0,0;0,0;0;0;224;2;0;4689;0;0;0;3574,0
682;Quest Path 1843: Transport - Gadgetzan to ??? JZB RVM Test [DISABLED];-7141.7900390625,-3977.97998046875,6.686570167541504;0,0;0,0;1;0;0;1024;0;4689;0;0;0;36071,36071
683;Valormok, Azshara;2988.1298828125,-4161.35986328125,101.2699966430664;0,-0.009999999776482582;0,0;1;0;225;6;0;4689;0;0;0;2224,0
728;Quest Path 2653: 4.1 - ZG Event - Rebel Camp -> Explorers' League;-13602.400390625,-81.4218978881836,36.79159927368164;0,0;0,0;0;0;0;1024;0;4689;0;0;0;541,541
757;Quest Path 2695: PattyMac Taxi Path Speed Test;16626.69921875,16747.599609375,40.57659912109375;0,0;0,0;451;0;0;1024;0;4689;0;0;0;28783,28783
781;Sanctuary of Malorne, Hyjal;4397.7900390625,-2107.530029296875,1204.3399658203125;0,0;0,0;1;0;229;3;0;4689;0;0;0;3837,3837
888;Quest Path 2837: Quest - Jade Forest: (DLA) - Dawnblossom to Jade Mines;2403.860107421875,-2097.159912109375,227.3419952392578;0,0;0,0;870;0;0;1024;0;4689;0;0;0;61559,61559
894;Grookin Hill, Jade Forest;1418.5699462890625,-487.7030029296875,355.9599914550781;0.009999999776482582,-0.009999999776482582;0,0;870;17197;262;6;0;4689;0;0;0;2224,0
895;Dawn's Blossom, Jade Forest;1503.7099609375,-1832.1300048828125,246.1999969482422;0.009999999776482582,-0.009999999776482582;0,0;870;0;228;3;0;4689;0;0;0;61559,61587
906;Dragon Soul Raid - Wyrmrest Temple Base;-1786.5699462890625,-2393.2900390625,45.580501556396484;0,0;0,0;967;0;0;1024;0;4689;0;0;0;31717,31717
907;Dragon Soul Raid - East Sarlac;-1768.5799560546875,-3034.75,149.94000244140625;0,0;0,0;967;0;241;1024;0;4689;0;0;0;31717,31717
918;Quest Path 2954: Quest - Valley of the Four Winds (Flyback: Chen A) PRK;516.0889892578125,-698.2689819335938,247.14199829101562;0,0;0,0;870;0;0;1024;0;4689;0;0;0;61588,61588
919;Quest Path 2955: Quest - Valley of the Four Winds (Flyback: Chen B) PRK;-44.66669845581055,-22.24650001525879,154.0500030517578;0,0;0,0;870;0;0;1024;0;4689;0;0;0;61588,61588
920;Quest Path 2956: Quest - Valley of the Four Winds (Flyback: Chen C) PRK;-203.7429962158203,481.77398681640625,187.18899536132812;0,0;0,0;870;0;0;1024;0;4689;0;0;0;61588,61588
921;Quest Path 2957: Quest - Valley of the Four Winds (Flyback: Chen D) PRK;-688.6409912109375,1415.72998046875,135.8459930419922;0,0;0,0;870;0;0;1024;0;4689;0;0;0;61588,61588
922;Quest Path 2958: Quest - Valley of the Four Winds (Flyback: Sad Panda A) PRK;-351.7619934082031,-633.4010009765625,118.35800170898438;0,0;0,0;870;0;0;1024;0;4689;0;0;0;61588,61588
923;Quest Path 2959: Quest - Valley of the Four Winds (Flyback: Sad Panda B) PRK;-1159.0899658203125,1035.2099609375,21.88409996032715;0,0;0,0;870;0;0;1024;0;4689;0;0;0;61588,61588
924;Quest Path 2960: Quest - Valley of the Four Winds (Flyback: Horde A) PRK;-894.2949829101562,123.98100280761719,13.15149974822998;0,0;0,0;870;0;0;1024;0;4689;0;0;0;61588,61588
925;Quest Path 2961: Quest - Valley of the Four Winds (Flyback: Alliance A) PRK;-1123.550048828125,-191.7050018310547,31.3927001953125;0,0;0,0;870;0;0;1024;0;4689;0;0;0;61588,61588
926;Quest Path 2962: Quest - Valley of the Four Winds (Flyback: Horde B) PRK;-1679.969970703125,1593.719970703125,16.01289939880371;0,0;0,0;870;0;0;1024;0;4689;0;0;0;61588,61588
927;Quest Path 2963: Quest - Valley of the Four Winds (Flyback: Alliance B) PRK;-1157.72998046875,1768.9599609375,16.98900032043457;0,0;0,0;870;0;0;1024;0;4689;0;0;0;61588,61588
935;Quest Path 2986: Jade Forest: -hmc (Taxi: Glassfin Village to Dawnblossom);1502.52001953125,-1831.8599853515625,246.19900512695312;0,0;0,0;870;0;0;1024;0;4689;0;0;0;61201,61201
949;Quest Path 3002: Jade Forest: -hmc (Taxi: Serpent's Spine to Statue Top);832.3800048828125,-1861.9200439453125,172.2100067138672;0,0;0,0;870;0;0;1024;0;4689;0;0;0;61559,61559
950;Quest Path 3003: Jade Forest: -hmc (Taxi: Statue Top to Serpent's Spine);859.6420288085938,-1916.18994140625,63.51300048828125;0,0;0,0;870;0;0;1024;0;4689;0;0;0;61559,61559
951;Quest Path 3004: Quest - Jade Forest - Fort Grookin -> Ka Pao Rise ;522.4340209960938,-1665.8900146484375,198.89999389648438;0,0;0,0;870;0;0;1024;0;4689;0;0;0;60799,60799
963;Quest Path 3018: Quest - Jade Forest - Glassfin Village -> Ka Pao Rise ;522.4340209960938,-1665.8900146484375,198.89999389648438;0,0;0,0;870;0;0;1024;0;4689;0;0;0;60799,60799
966;Paw'Don Village, Jade Forest;-307.20001220703125,-1762.77001953125,61.59270095825195;0.009999999776482582,-0.009999999776482582;0,0;870;0;232;1;0;4689;0;0;0;0,61587
967;The Arboretum, Jade Forest;1600.6600341796875,-2530.27001953125,152.21200561523438;0.009999999776482582,-0.009999999776482582;0,0;870;0;231;3;0;4689;0;0;0;61559,61587
968;Jade Temple Grounds, Jade Forest;773.2470092773438,-2358.9599609375,120.9800033569336;0.009999999776482582,-0.009999999776482582;0,0;870;0;233;3;0;4689;0;0;0;61559,61587
969;Sri-La Village, Jade Forest;2550.760009765625,-2418.320068359375,23.950700759887695;0.009999999776482582,-0.009999999776482582;0,0;870;0;230;3;0;4689;0;0;0;61559,61587
970;Emperor's Omen, Jade Forest;2400.75,-2099.429931640625,228.03399658203125;0.009999999776482582,-0.009999999776482582;0,0;870;0;50;3;0;4689;0;0;0;61559,61587
971;Tian Monastery, Jade Forest;2505.89990234375,-1590.8900146484375,400.8680114746094;0.009999999776482582,-0.009999999776482582;0,0;870;0;3;3;0;4689;0;0;0;61559,61587
972;Pearlfin Village, Jade Forest;-186.0970001220703,-2594.610107421875,0.9446139931678772;0.009999999776482582,-0.009999999776482582;0,0;870;0;261;1;0;4689;0;0;0;0,61559
973;Honeydew Village, Jade Forest;2927.159912109375,-509.1839904785156,268.8559875488281;0,0;0,0;870;0;1;2;0;4689;0;0;0;61559,0
984;Pang's Stead, Valley of the Four Winds;543.9149780273438,-637.8140258789062,257.7749938964844;0,0;0,0;870;0;239;7;0;4689;0;0;0;61559,61587
985;Halfhill, Valley of the Four Winds;-221.3260040283203,464.5589904785156,185.44200134277344;0,0;0,0;870;0;238;3;0;4689;0;0;0;61559,61587
986;Zhu's Watch, Krasarang Wilds;-375.6839904785156,-647.9650268554688,117.51599884033203;0,0;0,0;870;0;234;3;0;4689;0;0;0;61559,61587
987;Thunder Cleft, Krasarang Wilds;-878.2760009765625,171.4029998779297,13.490099906921387;0,0;0,0;870;0;237;6;0;4689;0;0;0;2224,0
988;The Incursion, Krasarang Wilds;-1125.31005859375,-227.7469940185547,31.367300033569336;0,0;0,0;870;0;236;1;0;4689;0;0;0;0,3837
989;Stoneplow, Valley of the Four Winds;-436.5400085449219,1886.699951171875,131.1300048828125;0,0;0,0;870;0;243;3;0;4689;0;0;0;61559,61587
990;Dawnchaser Retreat, Krasarang Wilds;-1685.6800537109375,1590.3399658203125,16.138399124145508;0,0;0,0;870;0;242;2;0;4689;0;0;0;2224,0
991;Sentinel Basecamp, Krasarang Wilds;-1156.6099853515625,1770.3800048828125,16.98900032043457;0,0;0,0;870;0;240;5;0;4689;0;0;0;0,3837
992;Cradle of Chi-Ji, Krasarang Wilds;-2082.300048828125,1483.6300048828125,0.550603985786438;0,0;0,0;870;0;285;3;0;4689;0;0;0;61559,61587
993;Marista, Krasarang Wilds;-2504.090087890625,491.5830078125,2.3320400714874268;0,0;0,0;870;0;235;3;0;4689;0;0;0;61559,61587
998;Quest Path 3154: Quest - Kun-Lai Summit - Neverrest Peak -> Valley of Emperors;3575.22998046875,1217.760009765625,748.7470092773438;0,0;0,0;870;0;0;1024;0;4689;0;0;0;60799,60799
1009;Quest Path 3173: Quest - Kun-Lai Summit - Valley -> Whispercloud Rise;3622.090087890625,839.25,479.2090148925781;0,0;0,0;870;0;0;1024;0;4689;0;0;0;60799,60799
1016;Quest Path 3066: Quest - Jade Forest - Serpent's Spine -> VotFW - JLR;578.3510131835938,-715.822998046875,229.28399658203125;0,0;0,0;870;0;0;1024;0;4689;0;0;0;59101,59101
1017;Binan Village, Kun-Lai Summit;1690.1099853515625,303.9580078125,478.5870056152344;0,0;0,0;870;0;263;3;0;4689;0;0;0;61559,61587
1018;Temple of the White Tiger, Kun-Lai Summit;3504.0400390625,690.677001953125,608.1849975585938;0,0;0,0;870;0;264;3;0;4689;0;0;0;61559,61587
1019;Eastwind Rest, Kun-Lai Summit;2250.590087890625,931.5689697265625,481.14599609375;0,0;0,0;870;0;265;2;0;4689;0;0;0;2224,0
1020;Westwind Rest, Kun-Lai Summit;2103.35009765625,1463.8299560546875,487.885986328125;0,0;0,0;870;0;266;1;0;4689;0;0;0;0,541
1021;Zouchin Village, Kun-Lai Summit;4362.9599609375,932.1179809570312,110.03900146484375;0,0;0,0;870;0;267;3;0;4689;0;0;0;61559,61587
1022;One Keg, Kun-Lai Summit;3124.52001953125,1224.280029296875,654.2310180664062;0,0;0,0;870;0;268;3;0;4689;0;0;0;61559,61587
1023;Kota Basecamp, Kun-Lai Summit;2716.429931640625,2163.31005859375,589.0980224609375;0,0;0,0;870;0;269;3;0;4689;0;0;0;61559,61587
1024;Shado-Pan Fallback, Kun-Lai Summit;1880.5899658203125,2088.580078125,500.85400390625;0,0;0,0;870;0;270;3;0;4689;0;0;0;61559,61587
1025;Winter's Blossom, Kun-Lai Summit;3151.85009765625,2677.760009765625,579.7349853515625;0,0;0,0;870;0;271;3;0;4689;0;0;0;61559,61587
1029;Tavern in the Mists, The Veiled Stair;784.8989868164062,-203.6699981689453,402.1919860839844;0,0;0,0;870;0;272;3;0;4689;0;0;0;61559,61587
1030;Quest Path 3244: Jade Forest: -hmc (Taxi: Serpent's Spine to East Temple);996.7000122070312,-2435.429931640625,169.36000061035156;0,0;0,0;0;0;0;1024;0;4689;0;0;0;61559,61559
1032;Quest Path 3246: Quest - Kun-Lai Summit - GoWB - To the Wall! (NLC);3018.010009765625,3006.139892578125,540.5339965820312;0,0;0,0;870;0;0;1024;0;4689;0;0;0;61559,61559
1038;Quest Path 3248: Quest - Kun-Lai Summit - GoWB - Back from the Wall (NLC);3107.360107421875,2846.570068359375,479.1400146484375;0,0;0,0;870;0;0;1024;0;4689;0;0;0;61559,61559
1046;Jade Forest - Cliff path 04 Start;3377.1201171875,-473.2120056152344,7.51540994644165;0,0;0,0;870;0;0;1024;0;4689;0;0;0;61588,61588
1047;Jade Forest - Cliff path 04 End;3279.919921875,-502.6130065917969,232.93600463867188;0,0;0,0;870;0;0;1024;0;4689;0;0;0;61588,61588
1048;Quest Path 3263: Jade forest - Cliff path 04;3284.8798828125,-513.5020141601562,233.4320068359375;0,0;0,0;870;0;0;1024;0;4689;0;0;0;61588,61588
1049;Quest Path 3264: Jade Forest - Cliff Path 01;3371.580078125,-736.6719970703125,206.2729949951172;0,0;0,0;870;0;0;1024;0;4689;0;0;0;61588,61588
1050;Quest Path 3265: Jade Forest - Cliff Path 02;1612.0999755859375,-2627.389892578125,149.89199829101562;0,0;0,0;870;0;0;1024;0;4689;0;0;0;61588,61588
1051;Quest Path 3266: Jade Forest - Cliff Path 03;2230.3701171875,-145.3719940185547,304.1510009765625;0,0;0,0;870;0;0;1024;0;4689;0;0;0;61588,61588
1052;Grassy Cline, Valley of the Four Winds;460.5400085449219,-100.46700286865234,179.53500366210938;0,0;0,0;870;0;273;3;0;4689;0;0;0;61559,61587
1053;Longying Outpost, Townlong Steppes;2363.22998046875,2994.389892578125,420.5679931640625;0,0;0,0;870;0;274;3;0;4689;0;0;0;61559,61587
1054;Gao-Ran Battlefront, Townlong Steppes;1440.719970703125,2804.489990234375,301.9219970703125;0,0;0,0;870;0;275;3;0;4689;0;0;0;61559,61587
1055;Rensai's Watchpost, Townlong Steppes;1531.72998046875,3963.699951171875,227.66600036621094;0,0;0,0;870;0;276;3;0;4689;0;0;0;61559,61587
1056;Shado-Pan Garrison, Townlong Steppes;1803.3199462890625,4204.22998046875,157.50799560546875;0,0;0,0;870;0;277;3;0;4689;0;0;0;61559,61587
1057;Shrine of Seven Stars, Vale of Eternal Blossoms;896.4530029296875,334.35101318359375,506.0849914550781;0,0;0,0;870;0;278;1;0;4689;0;0;0;0,61587
1058;Shrine of Two Moons, Vale of Eternal Blossoms;1580.1600341796875,894.1669921875,473.9639892578125;0,0;0,0;870;0;279;2;0;4689;0;0;0;61559,0
1070;Klaxxi'vess, Dread Wastes;172.66299438476562,3152.25,215.5399932861328;0,0;0,0;870;0;280;3;0;4689;0;0;0;61559,61587
1071;Soggy's Gamble, Dread Wastes;-1086.2099609375,3136.18994140625,0.9830999970436096;0,0;0,0;870;0;281;3;0;4689;0;0;0;61559,61587
1072;The Sunset Brewgarden, Dread Wastes;982.677001953125,3451.860107421875,256.7699890136719;0,0;0,0;870;0;282;3;0;4689;0;0;0;61559,61587
1073;Serpent's Spine, Vale of Eternal Blossoms;611.364990234375,2125.030029296875,368.3550109863281;0,0;0,0;870;0;283;3;0;4689;0;0;0;61559,61587
1076;Quest Path 3375: Jade Forest: JSB - East Temple -> Grookin' Hill;1466.1800537109375,-504.552001953125,344.6029968261719;0,0;0,0;870;0;0;1024;0;4689;0;0;0;61587,61587
1079;Quest Path 3377: Jade Forest: JSB - East Temple -> Glassfin Village;-267.6650085449219,-2614.800048828125,1.4632799625396729;0,0;0,0;870;0;0;1024;0;4689;0;0;0;61587,61587
1080;Serpent's Overlook, Jade Forest;465.8559875488281,-1558.56005859375,154.88600158691406;0,0;0,0;870;0;284;3;0;4689;0;0;0;61559,61587
1090;The Briny Muck, Dread Wastes;-570.405029296875,3859.7900390625,0.734358012676239;0,0;0,0;870;0;286;3;0;4689;0;0;0;61559,61587
1091;Quest Path 3448: Dread Wastes: Klaxxi'vess -> Briny Muck Quest Path;-567.3460083007812,3856.72998046875,1.2527799606323242;0,0;0,0;870;0;0;1024;0;4689;0;0;0;61559,61559
1092;Quest Path 3449: Dread Wastes: Klaxxi'vess -> Lake of Stars Quest Path;-766.2739868164062,2839.239990234375,149.4759979248047;0,0;0,0;870;0;0;1024;0;4689;0;0;0;61559,61559
1104;Test - Spy Quest H01a - PRK;4777.0498046875,-5133.39990234375,705.1229858398438;0,0;0,0;1;0;0;1024;0;4689;0;0;0;0,0
1105;Test - Spy Quest H01b - PRK;1567.3800048828125,-11797.2998046875,371.8810119628906;0,0;0,0;1;0;0;1024;0;4689;0;0;0;0,0
1114;Quest Path 3481: Quest - Kun-Lai Summit: JLR - Zouchin Village -> Isle of Reckoning;4810.14990234375,53.444400787353516,1.7813199758529663;0,0;0,0;870;0;0;1024;0;4689;0;0;0;60799,60799
1115;The Lion's Redoubt, Dread Wastes;234.406005859375,2198.030029296875,271.47698974609375;0,0;0,0;870;0;288;1;0;4689;0;0;0;0,61587
1116;Quest Path 3482: Quest - Kun-Lai Summit: JLR - Isle of Reckoning - Zouchin;4387.39990234375,838.8870239257812,98.7426986694336;0,0;0,0;870;0;0;1024;0;4689;0;0;0;60799,60799
1117;Serpent's Spine, Kun-Lai Summit;2123.14990234375,2584.929931640625,542.25;0,0;0,0;870;0;287;2;0;4689;0;0;0;61559,0
1130;Quest Path 3506: Jade Forest: -hmc (Taxi: Serpent's Spine to Statue Top) NEW (Tab 870);832.3800048828125,-1861.9200439453125,172.2100067138672;0,0;0,0;0;0;0;1024;0;4689;0;0;0;61559,61559
1131;Quest Path 3507: Jade Forest: -hmc (Taxi: Statue Top to Serpent's Spine) NEW (Tab 870);859.6420288085938,-1916.18994140625,63.51300048828125;0,0;0,0;0;0;0;1024;0;4689;0;0;0;61559,61559
1190;Lion's Landing, Krasarang Wilds;-1193.56005859375,-1193.699951171875,37.21189880371094;0,0;0,0;870;19486;290;1;0;4689;0;0;0;0,541
1195;Domination Point, Krasarang Wilds;-1752.18994140625,2492.02001953125,34.51319885253906;0,0;0,0;870;0;291;2;0;4689;0;0;0;20413,0
1221;Beeble's Wreck, Isle Of Giants;5753.759765625,1255.550048828125,1.5147600173950195;0,0;0,0;870;0;292;1;0;4689;0;0;0;0,541
1222;Bozzle's Wreck, Isle Of Giants;5799.64013671875,1080.5699462890625,1.1350500583648682;0,0;0,0;870;0;293;2;0;4689;0;0;0;2224,0
1284;Quest Path 3877: Garrosh Raid - Siege Engineer - Pipe Transfer;1989.4200439453125,-5508.5498046875,-250.0800018310547;0,0;0,0;0;0;0;1024;0;4689;0;0;0;18392,18392
1292;Quest Path 3886: Timeless Isle 5.4 - Vignette - Source of Water - Bubble Down (RKS) [REUSEME];-597.5659790039062,-5239.52978515625,10.430800437927246;0,0;0,0;870;0;0;1024;0;4689;0;0;0;71886,71886
1293;Tushui Landing, Timeless Isle;-901.3699951171875,-4639.1201171875,4.961009979248047;0,0;0,0;870;0;297;1;0;4689;0;0;0;0,61587
1294;Huojin Landing, Timeless Isle;-404.95001220703125,-4608.56005859375,4.333499908447266;0,0;0,0;870;0;298;2;0;4689;0;0;0;61559,0
1350;Shadowmoon Valley 6.0 - Observatory (JP3);966.9180297851562,-1029.6500244140625,116.26100158691406;0,0;0,0;1116;0;0;1024;0;4689;0;0;0;0,0
1351;Shadowmoon Valley 6.0 - Ironhorde POI (JP3);966.9180297851562,-1029.6500244140625,116.26100158691406;0,0;0,0;1116;0;0;1024;0;4689;0;0;0;0,0
1381;Embaari Village, Shadowmoon Valley;918.2639770507812,-792.3610229492188,-28.833799362182617;0,0;0,0;1116;0;299;1;0;4689;0;0;0;0,81930
1382;Twilight Glade, Shadowmoon Valley;195.23599243164062,-459.20001220703125,-3.95986008644104;0,0;0,0;1116;0;300;1;0;4689;0;0;0;0,81930
1383;Path of the Light, Shadowmoon Valley;602.697998046875,-1710.449951171875,26.483699798583984;0,0;0,0;1116;0;301;1;0;4689;0;0;0;0,81930
1384;Exile's Rise, Shadowmoon Valley;1526.3800048828125,-788.8909912109375,43.064701080322266;0,0;0,0;1116;0;302;3;0;4689;0;0;0;69066,82757
1386;Wor'gol, Frostfire Ridge;5988.68017578125,6180.85986328125,71.12470245361328;0,0;0,0;1116;0;312;2;0;4689;0;0;0;82757,0
1387;Bladespire Citadel, Frostfire Ridge;6754.56005859375,6012.5400390625,250.03399658203125;0,0;0,0;1116;0;313;2;0;4689;0;0;0;82757,0
1388;Throm'Var, Frostfire Ridge;7879.56982421875,5560.169921875,111.11699676513672;0,0;0,0;1116;0;314;2;0;4689;0;0;0;82757,0
1389;Bloodmaul Slag Mines, Frostfire Ridge;7399.4501953125,4358.41015625,126.40599822998047;0,0;0,0;1116;0;316;3;0;4689;0;0;0;82757,85795
1390;Stonefang Outpost, Frostfire Ridge;6157.56005859375,5052.43994140625,134.31500244140625;0,0;0,0;1116;0;317;2;0;4689;0;0;0;82757,0
1395;Thunder Pass, Frostfire Ridge;5789.56982421875,2394.889892578125,201.35400390625;0,0;0,0;1116;0;330;10;0;4689;0;0;0;82757,0
1396;Darkspear's Edge, Frostfire Ridge;6600,4342.5498046875,91.11150360107422;0,0;0,0;1116;0;319;2;0;4689;0;0;0;69066,0
1408;Warspear, Ashran;5356.22998046875,-3942.239990234375,32.73310089111328;0,0;0,0;1116;0;328;2;0;4689;0;0;0;69066,0
1420;Stormshield (Alliance), Ashran;3685.14990234375,-3840.469970703125,44.98189926147461;0,0;0,0;1116;0;329;5;0;4689;0;0;0;0,69067
1421;Shadowmoon Valley 6.0:Jp3 - Darktide Roost - Bottom Of Hill;0,0,0;0,0;0,0;0;0;0;1024;0;4689;0;0;0;0,0
1422;Shadowmoon Valley 6.0:JP3 - Darktide Roost - Top of Hill;0,0,0;0,0;0,0;0;0;0;1024;0;4689;0;0;0;0,0
1432;Frostwall Garrison, Frostfire Ridge;5578.93994140625,4564.83984375,136.87399291992188;0,0;0,0;1116;0;342;2;0;4689;0;0;0;69066,0
1440;Zangarra, Talador;3418.780029296875,1040.1500244140625,178.0850067138672;0,0;0,0;1116;0;343;3;0;4689;0;0;0;69066,69067
1441;Frostwolf Overlook, Talador;4008.860107421875,2166.8701171875,119.80500030517578;0,0;0,0;1116;0;344;2;0;4689;0;0;0;69066,0
1442;Beastwatch, Gorgrond;5815.509765625,1304.3399658203125,109.125;0,0;0,0;1116;0;345;2;0;4689;0;0;0;84351,0
1443;Vol'jin's Pride, Talador;3258.830078125,1609.27001953125,162.39599609375;0,0;0,0;1116;0;346;2;0;4689;0;0;0;69066,0
1445;Durotan's Grasp, Talador;2808.7900390625,2525.739990234375,120.93900299072266;0,0;0,0;1116;0;347;2;0;4689;0;0;0;69066,0
1447;Fort Wrynn (Alliance), Talador;3576.81005859375,1669.4000244140625,172.79200744628906;0,0;0,0;1116;0;349;1;0;4689;0;0;0;0,69067
1448;Redemption Rise, Talador;3407.72998046875,2062,160.3979949951172;0,0;0,0;1116;0;352;1;0;4689;0;0;0;0,81930
1450;Shattrath City, Talador;2727.159912109375,2777,242.93299865722656;0,0;0,0;1116;0;355;3;0;4689;0;0;0;82762,82762
1451;Anchorite's Sojourn, Talador;2171.820068359375,1059.219970703125,112.51699829101562;0,0;0,0;1116;0;357;1;0;4689;0;0;0;0,81930
1452;Retribution Point, Talador;1378.4000244140625,3318.52001953125,138.13400268554688;0,0;0,0;1116;0;358;3;0;4689;0;0;0;82762,82762
1453;Exarch's Refuge, Talador;1696.5,2561.35009765625,133.65899658203125;0,0;0,0;1116;0;359;1;0;4689;0;0;0;0,82762
1454;Exarch's Refuge, Talador;1731.0899658203125,2581.530029296875,133.65899658203125;0,0;0,0;1116;0;371;2;0;4689;0;0;0;69066,0
1462;Terokkar Refuge, Talador;2158.64990234375,1634.469970703125,131.81700134277344;0,0;0,0;1116;0;373;3;0;4689;0;0;0;87455,87455
1463;Quest Path 4263: Draenor Zone Breadcrumb - Frostfire Garrison > Talador Start Loc (CSA);3305.77001953125,1541.469970703125,158.3560028076172;0,0;0,0;1116;0;0;1024;0;4689;0;0;0;69066,69066
1464;Quest Path 4266: Draenor Zone Breadcrumb - Shadowmoon Garrison > Talador Start Loc (CSA);3611.43994140625,1762.050048828125,183.20899963378906;0,0;0,0;1116;0;0;1024;0;4689;0;0;0;69067,69067
1465;Quest Path 4269: Draenor Zone Breadcrumb - Shadowmoon Garrison > Nagrand Start Loc (ELM);2196.760009765625,4141.93994140625,200.76300048828125;0,0;0,0;1116;0;0;1024;0;4689;0;0;0;69067,69067
1466;Quest Path 4270: Draenor Zone Breadcrumb - Frostfire Ridge Garrison > Nagrand Start Loc (ELM);2195.81005859375,4140.1298828125,201.98899841308594;0,0;0,0;1116;0;0;1024;0;4689;0;0;0;69066,69066
1467;The Draakorium, Shadowmoon Valley;128.56900024414062,-1555.75,31.48259925842285;0,0;0,0;1116;0;318;1;0;4689;0;0;0;0,81930
1468;Elodor (Alliance), Shadowmoon Valley;1240.199951171875,-1666.4300537109375,44.88349914550781;0,0;0,0;1116;0;341;1;0;4689;0;0;0;0,81930
1475;Socrethar's Rise, Shadowmoon Valley;-799.6740112304688,-671.4240112304688,107.10199737548828;0,0;0,0;1116;0;374;3;0;4689;0;0;0;85795,69067
1476;Lunarfall (Alliance), Shadowmoon Valley;1866.56005859375,219.4669952392578,77.52790069580078;0,0;0,0;1116;0;376;1;0;4689;0;0;0;0,69067
1477;Quest Path 4316: Frostfire Ridge - Garrison - Max-Level Chapter - Sargerei - Taxi Path to Shadowmoon (HMC);-800.4400024414062,-669.3400268554688,107.41999816894531;0,0;0,0;0;0;0;1024;0;4689;0;0;0;82757,82757
1487;Axefall, Spires of Arak;-368.20098876953125,2285.550048828125,33.983001708984375;0,0;0,0;1116;0;375;2;0;4689;0;0;0;69066,0
1488;Quest Path 4333: Shadowmoon Valley 6.0:JP3 - Darktide Roost - Taxi Path to Darktide Roost;-1072.06005859375,-1710.56005859375,7.360139846801758;0,0;0,0;1116;0;0;1024;0;4689;0;0;0;541,541
1489;Quest Path 4334: Frostfire Ridge:JP3 - Darktide Roost - Taxi to Darktide Roost;-1069.6099853515625,-1588.72998046875,1.4420499801635742;0,0;0,0;1116;0;0;1024;0;4689;0;0;0;82757,82757
1490;Quest Path 4337: Spires of Arak 6.0 - Horde Garrison Outpost > Shadow's Defiance;438.57598876953125,1507.949951171875,129.44000244140625;0,0;0,0;1116;0;0;1024;0;4689;0;0;0;69066,69066
1493;Southport, Spires of Arak;-1117.449951171875,2316.969970703125,1.960729956626892;0,0;0,0;1116;0;311;1;0;4689;0;0;0;0,69067
1494;Quest Path 4341: Spires of Arak 6.0 - Alliance Garrison Outpost > Shadow's Defiance;438.0780029296875,1507.5999755859375,129.218994140625;0,0;0,0;1116;0;0;1024;0;4689;0;0;0;69067,69067
1495;Quest Path 4342: Shadowmoon Valley 6.0:JP3 - A - Broken Precipice - Taxi Path to Broken Precipice ;3860.590087890625,6933.58984375,13.850199699401855;0,0;0,0;1116;0;0;1024;0;4689;0;0;0;69067,69067
1496;Quest Path 4345: Spires of Arak 6.0 - Shattered Hand Poison Camp > Horde Garrison Outpost;-368.8089904785156,2286.1201171875,34.029701232910156;0,0;0,0;1116;0;0;1024;0;4689;0;0;0;69066,69066
1497;Quest Path 4346: Spires of Arak 6.0 - Shattered Hand Poison Camp > Alliance Garrison Outpost;-1114.3399658203125,2312.93994140625,3.057039976119995;0,0;0,0;1116;0;0;1024;0;4689;0;0;0;69067,69067
1498;Quest Path 4353: Frostfire Ridge:JP3 - Broken Precipice - Taxi to Nagrand / Broken Precipice;3867.389892578125,6929.35986328125,15.299099922180176;0,0;0,0;1116;0;0;1024;0;4689;0;0;0;69066,69066
1502;The Ring of Trials, Nagrand;3040.780029296875,4783.080078125,128.27499389648438;0,0;0,0;1116;0;372;3;0;4689;0;0;0;82838,82757
1503;Throne of the Elements, Nagrand;3918.7900390625,5131.4501953125,62.72800064086914;0,0;0,0;1116;0;377;3;0;4689;0;0;0;82838,82757
1504;Wor'var, Nagrand;3235.72998046875,4584.5498046875,144.60699462890625;0,0;0,0;1116;0;378;2;0;4689;0;0;0;69066,0
1505;Riverside Post, Nagrand;3102.81005859375,6500.3798828125,17.63170051574707;0,0;0,0;1116;0;379;2;0;4689;0;0;0;69066,0
1506;Telaari Station, Nagrand;2594.25,5700.6298828125,100.53600311279297;0,0;0,0;1116;0;380;1;0;4689;0;0;0;0,69067
1507;Yrel's Watch, Nagrand;3384.169921875,5755.580078125,39.18510055541992;0,0;0,0;1116;0;381;1;0;4689;0;0;0;0,69067
1508;Veil Terokk, Spires of Arak;-398.9880065917969,1880.1199951171875,51.26839828491211;0,0;0,0;1116;0;382;3;0;4689;0;0;0;87455,87455
1509;Talon Watch, Spires of Arak;-335.45098876953125,926.6220092773438,75.21530151367188;0,0;0,0;1116;0;385;3;0;4689;0;0;0;87455,87455
1510;Pinchwhistle Gearworks, Spires of Arak;-1579.1400146484375,993.0900268554688,8.089630126953125;0,0;0,0;1116;0;386;3;0;4689;0;0;0;28625,28625
1511;Bastion Rise, Gorgrond;4552.27001953125,1274.56005859375,144.92799377441406;0,0;0,0;1116;0;387;1;0;4689;0;0;0;0,88786
1512;Bastion Rise, Gorgrond;4641.6201171875,1188.0699462890625,137.08799743652344;0,0;0,0;1116;0;388;2;0;4689;0;0;0;84351,0
1513;Apexis Excavation, Spires of Arak;387.5419921875,2442.72998046875,19.3169002532959;0,0;0,0;1116;0;389;3;0;4689;0;0;0;87455,87455
1514;Evermorn Springs, Gorgrond;4837.6298828125,1687.550048828125,148.98300170898438;0,0;0,0;1116;0;390;2;0;4689;0;0;0;84351,0
1515;Crow's Crook, Spires of Arak;128.61500549316406,1544.6300048828125,-1.7282500267028809;0,0;0,0;1116;0;391;3;0;4689;0;0;0;87455,87455
1518;Wildwood Wash, Gorgrond;6456.10009765625,-174.7550048828125,120.07099914550781;0,0;0,0;1116;0;393;1;0;4689;0;0;0;0,88786
1519;Highpass, Gorgrond;6352.580078125,746.2340087890625,116.16300201416016;0,0;0,0;1116;0;394;1;0;4689;0;0;0;0,88786
1520;Breaker's Crown, Gorgrond;6593.43017578125,1316.0400390625,64.6343002319336;0,0;0,0;1116;29229;396;3;0;4689;0;0;0;87455,87455
1523;Deeproot, Gorgrond;5412.85009765625,1271.050048828125,101.88999938964844;0,0;0,0;1116;0;392;1;0;4689;0;0;0;0,88786
1524;Iron Docks, Gorgrond;8486.150390625,1544.239990234375,78.87539672851562;0,0;0,0;1116;0;395;3;0;4689;0;0;0;87455,87455
1527;Quest Path 4442: Spires of Arak: (DLA) - Veil Terokk -> Talon Watch Breadcrumb;-347.2669982910156,930.7520141601562,75.64409637451172;0,0;0,0;1116;0;0;1024;0;4689;0;0;0;84517,84517
1528;Iron Siegeworks, Frostfire Ridge;5724.259765625,2163.639892578125,157.5749969482422;0,0;0,0;1116;0;397;1;0;4689;0;0;0;0,81930
1529;Darktide Roost, Shadowmoon Valley;-974.125,-1739.300048828125,2.9979100227355957;0,0;0,0;1116;0;398;3;0;4689;0;0;0;82757,82757
1535;Quest Path 4535: Quest Path - Spires of Arak 6.0 - Horde Garrison Outpost > Pinchwhistle Gearworks (LWB);-1581.1300048828125,994.1820068359375,8.089630126953125;0,0;0,0;1116;0;0;1024;0;4689;0;0;0;69066,69066
1536;Quest Path 4538: Quest Path - Spires of Arak 6.0 - Alliance Garrison Outpost > Pinchwhistle Gearworks (LWB);-1581.800048828125,996.6859741210938,9.22128963470459;0,0;0,0;1116;0;0;1024;0;4689;0;0;0;69067,69067
1537;Shattered Landing, Blasted Lands;-11771.2001953125,-3867.320068359375,58.49089813232422;0,0;0,0;1190;28231;399;10;0;4689;0;0;0;2224,0
1538;Shattered Beachhead, Blasted Lands;-11254,-3666.570068359375,6.552750110626221;0,0;0,0;1190;28232;400;9;0;4689;0;0;0;0,541
1539;Skysea Ridge, Gorgrond;7596.2001953125,1829.050048828125,79.07720184326172;0,0;0,0;1116;0;402;3;0;4689;0;0;0;85796,69067
1540;Quest Path 4579: Talador 6.0 - Zangarra > Khadgar's Tower;3198.06005859375,846.5989990234375,84.57740020751953;0,0;0,0;1116;0;0;1024;0;4689;0;0;0;79302,79302
1541;Quest Path 4580: Talador 6.0 - Khadgar's Tower > Zangarra;3391.919921875,1029.800048828125,178.8070068359375;0,0;0,0;1116;0;0;1024;0;4689;0;0;0;79302,79302
1547;Quest Path 4590: Shadowmoon Valley 6.0:JP3 - A - Ashran - Taxi Path to Ashran Staging Area;3685.10009765625,-3837.419921875,44.9817008972168;0,0;0,0;1116;0;0;1024;0;4689;0;0;0;69067,69067
1549;Quest Path 4600: Frostfire Ridge:JP3 - Ashran Staging Area - Taxi to Ashran;5357.89990234375,-3940.419921875,32.73310089111328;0,0;0,0;1116;0;0;1024;0;4689;0;0;0;69066,69066
1550;"Quest Path 4599: Shadowmoon 6.x - ""The Search for Owynn Graddock"": Garrison, Shadowmoon Valley -> Bloodmaul Slag Mines, Frostfire Ridge (HMC)";7400.64013671875,4358.68994140625,126.41000366210938;0,0;0,0;0;0;0;1024;0;4689;0;0;0;541,541
1553;"Quest Path 4634: Shadowmoon 6.x - ""Pinchwhistle Gearworks"": Garrison, Shadowmoon Valley -> Pinchwhistle Gearworks, Spires of Arak (LWB)";-1577.9599609375,993.760009765625,8.089630126953125;0,0;0,0;1116;0;0;1024;0;4689;0;0;0;541,541
1554;"Quest Path 4635: Frostfire 6.x - ""Pinchwhistle Gearworks"": Garrison, Frostfire ->Pinchwhistle Gearworks, Spires of Arak (LWB)";-1577.739990234375,993.8140258789062,8.089630126953125;0,0;0,0;1116;0;0;1024;0;4689;0;0;0;82757,82757
1555;Quest Path 4636: Shadowmoon Valley, Tier 3 Garrison -> Ashran, Stormshield (Shortcut Path) (CSA);3686.590087890625,-3846.679931640625,45.03990173339844;0,0;0,0;1191;0;0;1024;0;4689;0;0;0;86619,86619
1556;Tranquil Court, Shadowmoon Valley;407.0419921875,-2449.72998046875,99.26370239257812;0,0;0,0;1116;0;404;1;0;4689;0;0;0;0,81930
1559;Wolf's Stand, Frostfire Ridge;5830.85986328125,3004.090087890625,183.2100067138672;0,0;0,0;1116;0;401;2;0;4689;0;0;0;82757,0
1562;Quest Path 4665: Ashran - Lane - Warspear to Stormshield;4061.239990234375,-4077.93994140625,61.215599060058594;0,0;0,0;1191;0;0;1024;0;4689;0;0;0;68771,68771
1563;Quest Path 4666: Ashran - Lane - Stormshield to Warspear;5037.7099609375,-4197.6298828125,46.89459991455078;0,0;0,0;1191;0;0;1024;0;4689;0;0;0;68773,68773
1567;Temple of Karabor, Shadowmoon Valley;405.7879943847656,-2448.75,99.26429748535156;0,0;0,0;1116;0;403;1025;0;4689;0;0;0;0,81930
1568;Everbloom Wilds, Gorgrond;7093.60009765625,404.739990234375,112.0009994506836;0,0;0,0;1116;0;405;3;0;4689;0;0;0;85795,69067
1569;Akeeta's Hovel, Shadowmoon Valley;676.4240112304688,701.4390258789062,113.95999908447266;0,0;0,0;1116;0;406;3;0;4689;0;0;0;87455,87455
1572;Rilzit's Holdfast, Nagrand;3761.260009765625,6430.14990234375,21.666900634765625;0,0;0,0;1116;0;408;3;0;4689;0;0;0;82838,82838
1573;Nivek's Overlook, Nagrand;2053.659912109375,6507.39013671875,32.263999938964844;0,0;0,0;1116;0;407;3;0;4689;0;0;0;82838,82757
1574;Joz's Rylaks, Nagrand;3676.0400390625,5776.18994140625,45.40129852294922;0,0;0,0;1116;0;409;3;0;4689;0;0;0;82838,82757
1580;Everbloom Overlook, Gorgrond;8018.08984375,-560.489990234375,154.9669952392578;0,0;0,0;1116;0;410;3;0;4689;0;0;0;82838,69067
1581;Quest Path 4881: Lunarfall, Shadowmoon Valley -> Terokkar Pass, Spires of Arak;779.6270141601562,2418.239990234375,227.92300415039062;0,0;0,0;1116;0;0;1024;0;4689;0;0;0;69067,69067
1582;Quest Path 4888: Frostwall Garrison, Frostfire Ridge -> Terokkar Pass, Spires of Arak;778.2000122070312,2417.919921875,227.92300415039062;0,0;0,0;1116;0;0;1024;0;4689;0;0;0;69066,69066
1599;Quest Path 4958: Garrison - 6.1 Chapter - H - Taxi to Iron Docks - JMC;9227,489,7.170000076293945;0,0;0,0;0;0;0;1024;0;4689;0;0;0;87502,87502
1601;Quest Path 4960: Garrison - 6.1 Chapter - H - Taxi from Iron Docks to Garrison - JMC;5579.0400390625,4564.72021484375,136.21800231933594;0,0;0,0;1116;0;0;1024;0;4689;0;0;0;85796,85796
1605;Quest Path 4965: Garrison - 6.1 Chapter - A - Taxi from Garrison to Iron Docks - JMC;9068,744,6.909999847412109;0,0;0,0;1116;0;0;1024;0;4689;0;0;0;28783,28783
1606;Quest Path 4966: Garrison - 6.1 Chapter - A - Taxi from Iron Docks to Garrison - JMC;1866.1500244140625,219.72000122070312,77.07430267333984;0,0;0,0;1116;0;0;1024;0;4689;0;0;0;71260,71260
1613;Azurewing Repose, Azsuna;576.405029296875,6644.02978515625,58.5;0,0;0,0;1220;0;411;3;0;4689;0;0;0;31694,31694
1614;Quest Path 4974: 6.2 Tanaan - Quest - H - From Vol'mar to Iron Front - JMC;3976.3798828125,1218.949951171875,164.19700622558594;0,0;0,0;1116;0;0;1024;0;4689;0;0;0;69066,69066
1615;Challiane's Terrace, Azsuna;1406.0799560546875,7140.7001953125,60.78300094604492;0,0;0,0;1220;0;412;3;0;4689;0;0;0;117083,117083
1620;Lion's Watch, Tanaan Jungle;3875.219970703125,-1311.719970703125,90.46730041503906;0,0;0,0;1116;33173;413;1;0;4689;0;0;0;0,69067
1621;Vol'mar, Tanaan Jungle;4307.91015625,-1465.31005859375,78.94390106201172;0,0;0,0;1116;33174;414;2;0;4689;0;0;0;85796,0
1622;Illidari Stand, Azsuna;-117.83499908447266,6891.18994140625,16.661500930786133;0,0;0,0;1220;0;415;3;0;4689;0;0;0;99257,99257
1625;Quest Path 4987: 6.2 Tanaan - Lion's Watch - Taxi Path to Aktar's Post (LWB);4565.330078125,334.9620056152344,220.927001953125;0,0;0,0;1116;0;0;1024;0;4689;0;0;0;541,541
1626;Quest Path 4988: 6.2 Tanaan - Volmar - Taxi Path to Aktar's Post (LWB);4565.7001953125,335.3680114746094,220.927001953125;0,0;0,0;1116;0;0;1024;0;4689;0;0;0;69066,69066
1633;Shackle's Den, Azsuna;-784.1740112304688,6130.0400390625,4.645810127258301;0,0;0,0;1220;0;419;3;0;4689;0;0;0;117082,117082
1634;Quest Path 5017: 7.0 Azsuna - Rift 01 - East Chasm -> West Chasm;869.9459838867188,6285.85009765625,219.16700744628906;0,0;0,0;1220;0;0;1024;0;4689;0;0;0;79302,79302
1635;Quest Path 5018: 7.0 Azsuna - Rift 01 - West Chasm -> East Chasm;690.0449829101562,6201.7099609375,91.0730972290039;0,0;0,0;1220;0;0;1024;0;4689;0;0;0;79302,79302
1636;Quest Path 5019: 7.0 Azsuna - Rift 02 - Tower -> Rock (ZTO);1263.1700439453125,5984.64013671875,170.58799743652344;0,0;0,0;1220;0;0;1024;0;4689;0;0;0;79302,79302
1637;Quest Path 5020: 7.0 Azsuna - Rift 03, Tower - Base -> Top (ZTO/PRK);987.2210083007812,6171.89013671875,111.6709976196289;0,0;0,0;1220;0;0;1024;0;4689;0;0;0;79302,79302
1642;Quest Path 5026: 6.2 Tanaan - Quest - A - From Lion's Watch to Iron Front - JMC;4071.2099609375,1185.9100341796875,160.625;0,0;0,0;1464;0;0;1024;0;4689;0;0;0;69067,69067
1643;Aktar's Post, Tanaan Jungle;4569.43994140625,335.0539855957031,221.19700622558594;0,0;0,0;1116;0;422;3;0;4689;0;0;0;84517,84517
1644;The Iron Front, Tanaan Jungle;3979.300048828125,1216.6199951171875,164.19700622558594;0,0;0,0;1116;923;421;2;0;4689;0;0;0;85796,0
1645;The Iron Front, Tanaan Jungle;4074.969970703125,1183.75,160.92799377441406;0,0;0,0;1116;924;420;5;0;4689;0;0;0;0,69067
1646;Vault of the Earth, Tanaan Jungle;3475.280029296875,-762.552001953125,41.39059829711914;0,0;0,0;1116;0;417;3;0;4689;0;0;0;85796,85796
1647;Malo's Lookout, Tanaan Jungle;4457.5400390625,-574.6929931640625,49.37649917602539;0,0;0,0;1116;0;423;3;0;4689;0;0;0;26164,26164
1648;Sha'naari Refuge, Tanaan Jungle;3728.3798828125,157.93099975585938,56.115299224853516;0,0;0,0;1116;0;424;3;0;4689;0;0;0;81930,81930
1660;Bret Test 3-3s;15589.5,-16185.400390625,49.88029861450195;0,0;0,0;451;0;425;1024;0;4689;0;0;0;27179,27179
1661;Bret Test 3-3e;15574.2001953125,-16164.2001953125,47.17729949951172;0,0;0,0;451;0;426;1024;0;4689;0;0;0;27179,27179
1662;Carl Test a;15574.2001953125,-16164.2001953125,47;0,0;0,0;451;0;0;1024;0;4689;0;0;0;27179,27179
1673;Lorlathil, Val'sharah;2299.8798828125,6577.66015625,141.78700256347656;0,0;0,0;1220;0;427;3;0;4689;0;0;0;54271,54271
1713;Bradensbrook, Val'sharah;2814.2900390625,7275.81982421875,22.353200912475586;0,0;0,0;1220;0;428;3;0;4689;0;0;0;69067,69067
1716;Quest Path 5222: Garrison, Alliance Shipyard -> Tanaan (IGC);3441.780029296875,-2148.639892578125,7.376719951629639;0,0;0,0;1116;0;0;1024;0;4689;0;0;0;17972,17972
1719;Thunder Totem, Highmountain;4156.509765625,4374.4501953125,768.1599731445312;0,0;0,0;1220;0;429;3;0;4689;0;0;0;98937,98937
1722;Quest Path 5262: Stormheim: (DLA) - Valdisdall -> Dreadwake (Spell Taxi);2493.7900390625,2009.8599853515625,9.903169631958008;0,0;0,0;1220;0;0;1024;0;4689;0;0;0;87442,87442
1723;Quest Path 5263: Stormheim: (DLA) - Valdisdall -> Greywatch (Spell Taxi);2862.929931640625,851.0449829101562,77.86299896240234;0,0;0,0;1220;0;0;1024;0;4689;0;0;0;68771,68771
1729;Quest Path 5283: Alliance Garrison (Tier 3) > Alliance Shipyard;2134.35009765625,383.8110046386719,16.457599639892578;0,0;0,0;1159;0;0;1024;0;4689;0;0;0;541,541
1730;Quest Path 5284: Alliance Shipyard > Alliance Garrison (Tier 3);2259.419921875,412.5400085449219,6.075250148773193;0,0;0,0;1473;0;0;1024;0;4689;0;0;0;541,541
1731;Alliance Shipyard Taxi;2138.800048828125,380.1319885253906,16.274999618530273;0,0;0,0;1473;0;431;1024;0;4689;0;0;0;0,0
1732;Quest Path 5286: 7.0 DH-Mardum - Illidari Foothold -> The Fel Hammer (ELM);1464.989990234375,1410.949951171875,244.2169952392578;0,0;0,0;1481;0;0;1024;0;4689;0;0;0;113833,113833
1738;Cullen's Post, Stormheim;2885.64990234375,2422.610107421875,242.82899475097656;0,0;0,0;1220;0;432;2;0;4689;0;0;0;109680,0
1739;Dreadwake's Landing, Stormheim;2355.719970703125,1870.0899658203125,24.988500595092773;0,0;0,0;1220;0;434;2;0;4689;0;0;0;27179,0
1741;Forsaken Foothold, Stormheim;3987.5400390625,2914.2900390625,241.2570037841797;0,0;0,0;1220;0;438;2;0;4689;0;0;0;27179,0
1742;Valdisdall, Stormheim;3205.590087890625,1515.5799560546875,180.9010009765625;0,0;0,0;1220;0;439;3;0;4689;0;0;0;109682,109682
1744;Greywatch, Stormheim;2863.929931640625,849.1749877929688,77.88590240478516;0,0;0,0;1220;0;435;1;0;4689;0;0;0;0,69067
1745;Lorna's Watch, Stormheim;2704.489990234375,2860.22998046875,309.26300048828125;0,0;0,0;1220;0;437;1;0;4689;0;0;0;0,27491
1747;Skyfire Triage Camp, Stormheim;3217.60009765625,3079.919921875,440.302001953125;0,0;0,0;1220;0;436;1;0;4689;0;0;0;0,27491
1748;Quest Path 5333: 7.0 Artifacts - Monk - Order Formation - Number Nine Flight - LWB;3833.1201171875,1727.8699951171875,946.4229736328125;0,0;0,0;1014;0;0;1024;0;4689;0;0;0;98317,98317
1753;Skyhorn, Highmountain;4833.93017578125,3967.3701171875,832.1749877929688;0,0;0,0;1220;0;430;3;0;4689;0;0;0;98937,98937
1754;The Witchwood, Highmountain;5116.10986328125,4982.16015625,752.7109985351562;0,0;0,0;1220;0;441;3;0;4689;0;0;0;98937,98937
1755;Felbane Camp, Highmountain;5108.330078125,5570.60986328125,119.21800231933594;0,0;0,0;1220;0;442;3;0;4689;0;0;0;98937,98937
1756;Shipwreck Cove, Highmountain;6466.83984375,4727.990234375,13.619799613952637;0,0;0,0;1220;0;444;7;0;4689;0;0;0;69067,69067
1758;Obsidian Overlook, Highmountain;2971.68994140625,4343.4599609375,652.031982421875;0,0;0,0;1220;0;440;3;0;4689;0;0;0;98937,98937
1759;Ironhorn Enclave, Highmountain;3005.719970703125,3668.469970703125,1386.3399658203125;0,0;0,0;1220;0;445;3;0;4689;0;0;0;98937,98937
1760;Trueshot Lodge, Highmountain;4634.2900390625,5339.419921875,849.2310180664062;0,0;0,0;1220;38053;446;11;0;4689;0;0;0;69067,69067
1761;Prepfoot, Highmountain;5613.39990234375,3585.030029296875,237.0989990234375;0,0;0,0;1220;0;447;3;0;4689;0;0;0;98937,98937
1764;Starsong Refuge, Val'sharah;3094.06005859375,5807.2099609375,300.5719909667969;0,0;0,0;1220;0;451;3;0;4689;0;0;0;3837,3837
1766;Garden of the Moon, Val'sharah;2841.7900390625,6482.2900390625,206.3260040283203;0,0;0,0;1220;0;450;3;0;4689;0;0;0;54271,54271
1767;Nesingwary's Retreat, Highmountain;4483.4599609375,4843.2900390625,662.3519897460938;0,0;0,0;1220;0;448;3;0;4689;0;0;0;69067,69067
1774;Dalaran;-860.8280029296875,4295.9501953125,745.2420043945312;0,0;0,0;1220;0;449;19;0;4689;0;0;0;69066,541
1777;Sylvan Falls, Highmountain;3853.550048828125,5150.58984375,644.5969848632812;0,0;0,0;1220;0;452;3;0;4689;0;0;0;98937,98937
1778;Stonehoof Watch, Highmountain;3891.949951171875,3500.179931640625,800.6580200195312;0,0;0,0;1220;0;453;3;0;4689;0;0;0;98937,98937
1783;Quest Path 5500: 7.0 Azsuna - Rift 02 - Rock -> Tower (ZTO);1183.6600341796875,5961.830078125,116.41000366210938;0,0;0,0;1220;0;0;1024;0;4689;0;0;0;79302,79302
1784;Quest Path 5509: 7.0 Highmountain - Stonehoof Watch -> Sylvan Falls (Quest, ZTO);3854.719970703125,5149.0400390625,644.8839721679688;0,0;0,0;1220;0;0;1024;0;4689;0;0;0;95076,95076
1787;Quest Path 5512: Quest Path 5020: 7.0 Azsuna - Rift 03, Base - Tower (ZTO);993.2429809570312,6170.25,163.7830047607422;0,0;0,0;1220;0;0;1024;0;4689;0;0;0;79302,79302
1800;Quest Path 4621: [OLD]7.0 Quest - Azsuna (Down to Azsuna: Unlearned Taxi Dalaran --> Azsuna - Alliance) - ELM;-80.68060302734375,6848.75,30.453399658203125;0,0;0,0;1220;0;0;1024;0;4689;0;0;0;68771,68771
1801;Quest Path 5597: [OLD]7.0 Quest - Azsuna (Down to Azsuna: Unlearned Taxi Dalaran --> Azsuna - Horde) - ELM;-80.68060302734375,6848.75,30.453399658203125;0,0;0,0;1220;0;0;1024;0;4689;0;0;0;68773,68773
1803;Quest Path 5615: 7.0 Dalaran -> Trueshot Lodge, Highmountain;4633.740234375,5340.72021484375,849.1199951171875;0,0;0,0;0;0;0;1024;0;4689;0;0;0;69067,69067
1813;Quest Path 5643: 7.0 Quest - Azsuna (Down to Azsuna: Unlearned Taxi Dalaran --> Azsuna - Alliance) - ELM;-80.68060302734375,6848.75,30.453399658203125;0,0;0,0;1220;0;0;1024;0;4689;0;0;0;68771,68771
1814;Quest Path 5645: [OLD2]7.0 Quest - Azsuna (Down to Azsuna: Unlearned Taxi Dalaran --> Azsuna - Horde) - ELM;-80.68060302734375,6848.75,30.453399658203125;0,0;0,0;1220;0;0;1024;0;4689;0;0;0;68773,68773
1815;The Dreamgrove, Val'sharah (Druids Only);4074.320068359375,7225.4501953125,51.4989013671875;0,0;0,0;1220;44322;455;11;0;4689;0;0;0;54271,54271
1818;Quest Path 5654: 7.0 Artifacts - Druid - Feral - Q:42428 - Dreamgrove -> Ashamane's Fall - LWB;3233.610107421875,5750.02001953125,320.03900146484375;0,0;0,0;1220;0;0;1024;0;4689;0;0;0;100483,100483
1819;Quest Path 5655: 7.0 Quest - Azsuna (Down to Azsuna: Unlearned Taxi Dalaran --> Azsuna - Horde) - ELM;-80.68060302734375,6848.75,30.453399658203125;0,0;0,0;1220;0;0;1024;0;4689;0;0;0;68773,68773
1825;"Quest Path 5667: 7.0 DH-OHC - ""Malace in Vrykul Land"" Alliance - Dalaran -> Valdishall (ELM)";3204.6201171875,1524.5,180.40699768066406;0,0;0,0;1220;0;0;1024;0;4689;0;0;0;31315,31315
1826;"Quest Path 5668: 7.0 DH-OHC - ""Malace in Vrykul Land"" Horde - Dalaran -> Valdishall (ELM)";3204.6201171875,1524.5,180.40699768066406;0,0;0,0;1220;0;0;1024;0;4689;0;0;0;20414,20414
1827;Quest Path 5669: 7.0 Order Hall - Mage - Ch 4 - The Oculus - Rings Portal 01 - SBV;992.97900390625,982.6630249023438,526.81201171875;0,0;0,0;1623;0;0;1024;0;4689;0;0;0;79302,79302
1828;Quest Path 5670: 7.0 Order Hall - Mage - Ch 4 - The Oculus - Rings Portal Top -> Ring A - SBV;1218.260009765625,984.4860229492188,526.81201171875;0,0;0,0;1623;0;0;1024;0;4689;0;0;0;79302,79302
1829;Quest Path 5671: 7.0 Order Hall - Mage - Ch 4 - The Oculus - Rings Portal Middle 02 - SBV;1103.3900146484375,1181.5699462890625,526.81201171875;0,0;0,0;1623;0;0;1024;0;4689;0;0;0;79302,79302
1830;Quest Path 5672: 7.0 Order Hall - Mage - Ch 4 - The Oculus - Rings Portal Middle 03 - SBV;1126.8399658203125,1009.3200073242188,508.3559875488281;0,0;0,0;1623;0;0;1024;0;4689;0;0;0;79302,79302
1831;Quest Path 5673: 7.0 Order Hall - Mage - Ch 4 - The Oculus - Side Platform Portal B -> Ring C - SBV;1100.02001953125,1182.5799560546875,526.81201171875;0,0;0,0;1623;0;0;1024;0;4689;0;0;0;79302,79302
1832;Quest Path 5674: 7.0 Order Hall - Mage - Ch 4 - The Oculus - Portal - Ring A -> Center - SBV;1126.8399658203125,1009.3200073242188,508.3559875488281;0,0;0,0;1623;0;0;1024;0;4689;0;0;0;79302,79302
1833;Quest Path 5675: 7.0 Order Hall - Mage - Ch 4 - The Oculus - Portal - Ring B -> Center - SBV;1126.8399658203125,1009.3200073242188,508.3559875488281;0,0;0,0;1623;0;0;1024;0;4689;0;0;0;79302,79302
1834;Quest Path 5676: 7.0 Order Hall - Mage - Ch 4 - The Oculus - Side Platform Portal A -> Ring B - SBV;990.7360229492188,985.2760009765625,526.81201171875;0,0;0,0;1623;0;0;1024;0;4689;0;0;0;79302,79302
1835;Quest Path 5677: 7.0 Order Hall - Mage - Ch 4 - The Oculus - Side Platform Portal C -> Ring A - SBV;1216.1400146484375,986.1079711914062,526.81201171875;0,0;0,0;1623;0;0;1024;0;4689;0;0;0;79302,79302
1836;Quest Path 5678: 7.0 Order Hall - Mage - Ch 4 - The Oculus - Rings Portal - Ring C -> Ring A - SBV;1220.22998046875,981.8610229492188,526.81201171875;0,0;0,0;1623;0;0;1024;0;4689;0;0;0;79302,79302
1837;Wardens' Redoubt, Azsuna;-1403.6300048828125,6656.85986328125,11.94629955291748;0,0;0,0;1220;0;457;3;0;4689;0;0;0;54271,54271
1838;Thorim's Peak;2113.39990234375,2823.4599609375,815.4190063476562;0,0;0,0;1220;43356;459;75;0;4689;0;0;0;98937,98937
1839;Nastrondir;3793.25,2368.840087890625,491.34600830078125;0,0;0,0;1220;43356;458;75;0;4689;0;0;0;98937,98937
1840;Eastern Suramar;815.4910278320312,2760.97998046875,208.52200317382812;0,0;0,0;1220;43356;460;75;0;4689;0;0;0;98937,98937
1841;Western Suramar;379.9289855957031,4364.240234375,122.8489990234375;0,0;0,0;1220;43356;461;75;0;4689;0;0;0;98937,98937
1842;Carl Test b;15574.2001953125,-16164.2001953125,47;0,0;0,0;451;0;0;1024;0;4689;0;0;0;27179,27179
1843;Carl Test c;15574.2001953125,-16164.2001953125,47;0,0;0,0;451;0;0;1024;0;4689;0;0;0;27179,27179
1844;Carl Test d;15574.2001953125,-16164.2001953125,47;0,0;0,0;451;0;0;1024;0;4689;0;0;0;27179,27179
1845;Isle of the Watchers;-1704.43994140625,6472.990234375,264.04901123046875;0,0;0,0;1220;43356;462;75;0;4689;0;0;0;98937,98937
1846;Faronaar;-88.43229675292969,8214.3203125,355.5220031738281;0,0;0,0;1220;43356;463;75;0;4689;0;0;0;98937,98937
1847;The Dreamgrove;4411.14990234375,7164.2099609375,350.0010070800781;0,0;0,0;1220;43356;464;75;0;4689;0;0;0;98937,98937
1848;Trueshot Lodge;4632.02978515625,5320.9599609375,852.0120239257812;0,0;0,0;1220;43356;465;75;0;4689;0;0;0;98937,98937
1849;Dalaran;-813.5330200195312,4274.8701171875,746.2620239257812;0,0;0,0;1220;43356;416;1099;0;4689;0;0;0;0,0
1850;Eastern Highmountain;3769.179931640625,3682.89990234375,1027.949951171875;0,0;0,0;1220;43356;456;75;0;4689;0;0;0;98937,98937
1855;Shield's Rest, Stormheim;4764.52001953125,-186.9969940185547,16.951400756835938;0,0;0,0;1220;0;466;3;0;4689;0;0;0;109682,109682
1856;Vengeance Point, Broken Shore;-545.1909790039062,3001.780029296875,40.20389938354492;0,0;0,0;1220;143954;467;3;0;4689;0;0;143954;113833,113833
1857;Stormtorn Foothills, Stormheim;3835.610107421875,2016.1199951171875,244.06300354003906;0,0;0,0;1220;0;468;3;0;4689;0;0;0;109682,109682
1858;Meredil, Suramar;1615.52001953125,4757.85986328125,138.37100219726562;0,0;0,0;1220;0;472;3;0;4689;0;0;0;111675,111675
1859;Felblaze Ingress, Azsuna;554.0419921875,5628.8798828125,79.8676986694336;0,0;0,0;1220;0;418;3;0;4689;0;0;0;99257,99257
1860;Watchers' Aerie, Azsuna;-1804.719970703125,6417.6298828125,177.98599243164062;0,0;0,0;1220;0;433;3;0;4689;0;0;0;117082,117082
1861;Illidari Perch, Azsuna;-228.43800354003906,7733.7001953125,139.18899536132812;0,0;0,0;1220;0;469;3;0;4689;0;0;0;99257,99257
1862;Acherus: The Ebon Hold;-1437.4300537109375,1162.239990234375,275.34600830078125;0,0;0,0;1220;42576;470;3;0;4689;0;0;0;32981,32981
1863;Hafr Fjall, Stormheim;1797.3499755859375,1816.699951171875,298.39599609375;0,0;0,0;1220;0;471;3;0;4689;0;0;0;109682,109682
1864;Quest Path 5598: Nesingwary, Highmountain -> Shipwreck Cove, Highmountain [Unlearned];6467.22998046875,4728.4599609375,13.196200370788574;0,0;0,0;1220;0;0;1024;0;4689;0;0;0;98937,98937
1865;Boost 2.0 - Alliance - Leave Point;41.7156982421875,-0.42614099383354187,40.088199615478516;0,0;0,0;1560;0;0;1025;0;4689;0;0;0;0,32335
1867;Quest Path 5911: 7.0 Dalaran -> Acherus;-1437.47998046875,1162.010009765625,275.2489929199219;0,0;0,0;1220;0;0;1024;0;4689;0;0;0;541,541
1868;Quest Path 5912: 7.0 Acherus -> Dalaran;-835.4550170898438,4276.97021484375,746.2529907226562;0,0;0,0;1220;0;0;1024;0;4689;0;0;0;541,541
1869;Quest Path 5913: 7.0 Karazhan - Ballroom -> Opera Portal;1619.3199462890625,2374.25,232.00900268554688;0,0;0,0;1529;0;0;1024;0;4689;0;0;0;79302,79302
1870;Eye of Azshara, Azsuna;-3362.320068359375,4823.009765625,17.553699493408203;0,0;0,0;1220;0;443;3;0;4689;0;0;0;57156,57156
1871;Quest Path 5925: Quest Path 5654: 7.0 Artifacts - Druid - Feral - Q:42428 - Ashamane's Fall -> Dreamgrove - LWB;4074.300048828125,7238.7099609375,51.43330001831055;0,0;0,0;1220;0;0;1024;0;4689;0;0;0;100483,100483
1874;Quest Path 5962: 7.0 Artifacts - Death Knight - Blood - From Dalaran to Broken Shore Portal - Taxi Version - LWB;-857.7109985351562,3615.489990234375,2.897559881210327;0,0;0,0;1220;0;0;1024;0;4689;0;0;0;114241,114241
1875;Quest Path 5963: 7.0 Artifacts - Death Knight - Blood - From Broken Shore to Dalaran - Taxi - LWB;-842.8779907226562,4274.06005859375,746.260986328125;0,0;0,0;1220;0;0;1024;0;4689;0;0;0;114241,114241
1877;Quest Path 5626: 7.0 Artifacts - Priest - Holy - Dalaran to Broken Shore Portal - LWB;-846.843994140625,3578.75,0.9917200207710266;0,0;0,0;1220;0;0;1024;0;4689;0;0;0;105717,105717
1878;Quest Path 5627: 7.0 Artifacts - Priest - Holy - Quest NPC - Broken Shore - Fly Back - LWB;-819.625,4307.7998046875,745.7239990234375;0,0;0,0;1220;0;0;1024;0;4689;0;0;0;105717,105717
1879;Crimson Thicket, Suramar;1893.300048828125,3092.550048828125,221.23399353027344;0,0;0,0;1220;0;474;3;0;4689;0;0;0;111675,111675
1880;Irongrove Retreat, Suramar;2268.800048828125,5241.58984375,113.11199951171875;0,0;0,0;1220;0;473;3;0;4689;0;0;0;114718,114718
1885;Gloaming Reef, Val'sharah;2523.93994140625,8174.85986328125,12.412599563598633;0,0;0,0;1220;0;475;3;0;4689;0;0;0;54271,54271
1892;Quest Path 6004: 7.2 Assault - Val'sharah - Black Rook - Base Camp to Ramparts - LWB;3138.489990234375,7474.39013671875,209.29600524902344;0,0;0,0;1220;0;0;1024;0;4689;0;0;0;100483,100483
1893;Quest Path 6005: 7.2 Legion Invasion - Val'sharah - 03 - Taxi to Top - LWB;3248.010009765625,7370.97998046875,292.1730041503906;0,0;0,0;1220;0;0;1024;0;4689;0;0;0;100483,100483
1894;"Quest Path 6009: 7.1 Suramar -> Black Rook Hold (""We Need Weapons"" ) - ZTO";3115.68994140625,7181.58984375,90.39700317382812;0,0;0,0;1220;0;0;1024;0;4689;0;0;0;115500,115500
1899;Quest Path 6026: 7.2 OHC - Paladin - Light's Hope Chapel (Alliance) -> Broken Shore (1666) - JAP;-1887.780029296875,3393.9599609375,52.225799560546875;0,0;0,0;1666;0;0;1024;0;4689;0;0;0;541,541
1900;Quest Path 6027: Quest Path 6026: 7.2 OHC - Paladin - Light's Hope Chapel (Horde) -> Broken Shore (1666) - JAP;-1887.780029296875,3393.9599609375,52.225799560546875;0,0;0,0;1666;0;0;1024;0;4689;0;0;0;3574,3574
1902;Quest Path 6030: 7.2 Fel Hammer -> 7.2 Mardum;1531.0799560546875,1251.3499755859375,70.7864990234375;0,0;0,0;1519;0;0;1024;0;4689;0;0;0;113833,113833
1906;The Fel Hammer, Broken Shore;1659.1500244140625,1416.6800537109375,244.26300048828125;0,0;0,0;1519;46253;476;1027;0;4689;0;0;0;99257,99257
1907;Quest Path 6038: 7.0 - Death Knight - No Man's Land - Taxi Route - LWB;-834.572998046875,4266.47998046875,746.2520141601562;0,0;0,0;1220;0;0;1024;0;4689;0;0;0;29582,29582
1908;Quest Path 6036: 7.2 Fel Hammer -> 7.2 Broken Shore;-1891.1700439453125,3391.429931640625,52.34320068359375;0,0;0,0;1666;0;0;1024;0;4689;0;0;0;113833,113833
1909;Quest Path 6041: 7.2 Wandering Isle -> Stormstout Brewery, Pandaria;-697.5280151367188,1262.77001953125,162.77699279785156;0,0;0,0;1693;0;0;1024;0;4689;0;0;0;61559,61559
1910;Quest Path 6042: 7.2 OHC - Priest - Dalaran -> Broken Shore - Teleport (JAP);-1890.5,3395.429931640625,52.34149932861328;0,0;0,0;1666;0;0;1024;0;4689;0;0;0;54271,54271
1913;Quest Path 6048: Quest Path 6005: 7.2 Legion Invasion - Val'sharah - 03 - Taxi to Bottom - LWB;2958.9599609375,7491.2001953125,45.4833984375;0,0;0,0;1220;0;0;1024;0;4689;0;0;0;100483,100483
1916;Quest Path 6052: 7.2 OHC - Hunter - Trueshot Lodge -> Broken Shore - Teleport (JAP);4649.93994140625,5273.16015625,840.6900024414062;0,0;0,0;1220;0;0;1024;0;4689;0;0;0;98937,98937
1917;Quest Path 6053: 7.2 Order Hall - Shaman - Ch 5 - Thunderaan Transport (JLW);-1458.3399658203125,2633.530029296875,81.99210357666016;0,0;0,0;1666;0;0;1024;0;4689;0;0;0;17972,17972
1922;Quest Path 6065: 7.2 Assault - Val'sharah - Black Rook - Top to Final Terrace;3118.9599609375,7131.02978515625,134.32699584960938;0,0;0,0;1220;0;0;1024;0;4689;0;0;0;100483,100483
1923;Quest Path 6067: 7.2 Assault - Val'sharah - Black Rook - Base Camp to Final Terrace;3110.139892578125,7130.64013671875,134.32699584960938;0,0;0,0;1220;0;0;1024;0;4689;0;0;0;100483,100483
1924;Quest Path 6068: 7.2 Acherus: The Ebon Hold -> Illidari Camp, Broken Shore;-734.6510009765625,3068.239990234375,-41.698001861572266;0,0;0,0;1220;0;0;1024;0;4689;0;0;0;28531,28531
1927;Quest Path 6072: 7.2 Order Hall - Rogue - Ch 5 - Temp To BS (JLW);-1229.02001953125,2195.179931640625,0.9848989844322205;0,0;0,0;1220;0;0;1024;0;4689;0;0;0;54271,54271
1928;Krokul Hovel, Krokuun;985.8189697265625,1711.8900146484375,517.2000122070312;0,0;0,0;1669;52694;477;43;254;6748;-75.9000015258789;0;0;0,0
1933;Quest Path 6084: Acherus: The Ebon Hold -> Thorim's Peak, Stormheim;1929.1700439453125,2047.3599853515625,465.92401123046875;0,0;0,0;1220;0;0;1024;0;4689;0;0;0;29648,29648
1934;TEMPAREA1, Argus;1008.4500122070312,1727.8299560546875,528.781005859375;0,0;0,0;1669;0;479;1024;254;6748;0;0;0;0,0
1935;TEMPAREA2, Argus;1637.1600341796875,2054.7099609375,450.5840148925781;0,0;0,0;1669;0;480;1024;254;6748;0;0;0;0,0
1941;Deliverance Point, Broken Shore;-1647.6800537109375,3178.639892578125,135.93099975585938;0,0;0,0;1220;143954;482;3;0;4689;0;0;143954;113833,113833
1942;Aalgen Point, Broken Shore;-1225.510009765625,2195.22998046875,0.9800009727478027;0,0;0,0;1220;143954;481;3;0;4689;0;0;143954;109682,109682
1944;Vindicaar, Krokuun;501.29998779296875,1470.300048828125,765.7999877929688;0.006899999920278788,-0.02590000070631504;0,0;1669;51635;483;43;256;4689;24;53150;0;0,0
1947;Quest Path 6175: 7.3 Argus - Isle 2 - Alleria Arc - Alleria Shadow Ball Taxi (JAK);4995.27001953125,9823.599609375,-79.21929931640625;0,0;0,0;1669;0;0;1024;0;4689;0;0;0;121327,121327
1953;Zul'jan, Nazmir;793.2360229492188,1400.739990234375,19.582599639892578;0,0;0,0;1642;0;487;2;0;4689;0;0;0;69066,0
1954;Zo'bal Ruins, Nazmir;2025.8699951171875,1336.530029296875,16.587600708007812;0,0;0,0;1642;0;486;2;0;4689;0;0;0;139173,0
1955;Gloom Hollow, Nazmir;2007.5400390625,-79.64240264892578,2.1684200763702393;0,0;0,0;1642;0;488;2;0;4689;0;0;0;125991,0
1956;Forlorn Ruins, Nazmir;2596.8798828125,-848.68798828125,1.9836900234222412;0,0;0,0;1642;64582;485;10;0;4689;0;0;0;69066,0
1957;Port of Zandalar, Zuldazar;-1950.780029296875,744.280029296875,53.785400390625;0,0;0,0;1642;0;489;6;0;4689;0;0;0;122337,0
1959;The Great Seal;-1035.97998046875,756.5999755859375,437.739990234375;0,0;0,0;1642;0;490;2;0;4689;0;0;0;122337,0
1961;Quest Path 6233: 8.0 Nazmir - Q: 47250 - Taxi to Jeb'watha ruins - LWB;2214.60009765625,1585.02001953125,30.01259994506836;0,0;0,0;1642;0;0;1024;0;4689;0;0;0;122801,122801
1962;Quest Path 6234: 8.0 Nazmir - Q: 42750 - Flight from Jeb'watha -> Zul'jan - LWB;794.6129760742188,1403.199951171875,19.582599639892578;0,0;0,0;1642;0;0;1024;0;4689;0;0;0;20492,20492
1964;Quest Path 6237: 8.0 Warfronts - Barrens - Intro Quest - Taxi from Theramore to Fort Triumph;-3146.070068359375,-2287.580078125,92.6395034790039;0,0;0,0;0;0;0;1024;0;4689;0;0;0;69067,69067
1965;Nesingwary's Gameland, Zuldazar;382.02398681640625,104.04299926757812,240.0659942626953;0,0;0,0;1642;0;491;3;0;4689;0;0;0;98937,98937
1966;Warbeast Kraal, Zuldazar;-1046.3199462890625,19.173599243164062,281.2030029296875;0,0;0,0;1642;0;492;2;0;4689;0;0;0;122337,0
1967;Shattered Fields, Krokuun;1081.1300048828125,2275.75,409;0,0;0,0;1669;52714;493;43;254;4689;76.69999694824219;0;0;0,0
1974;Xibala, Zuldazar;-2692.840087890625,1915.1199951171875,39.053001403808594;0,0;0,0;1642;0;495;2;0;4689;0;0;0;31239,0
1975;Zeb'ahari, Zuldazar;512.4500122070312,-835.218994140625,26.491600036621094;0,0;0,0;1642;0;496;2;0;4689;0;0;0;122337,0
1976;Destiny Point, Krokuun;1437.47998046875,1444.27001953125,491.79998779296875;0,0;0,0;1669;52715;478;43;254;4689;16.200000762939453;0;0;0,0
1977;Vindicaar, Eredath;4728.60009765625,9862.4599609375,64.29070281982422;0.0038999998942017555,-0.029600000008940697;0,0;1669;51636;497;43;258;4689;13.800000190734863;52312;0;0,0
1978;Conservatory of the Arcane, Eredath;5764.89013671875,9493.7802734375,-66.69999694824219;0,0;0,0;1669;52720;498;43;254;4689;50.599998474121094;0;0;0,0
1981;Shadowguard Incursion, Eredath;5546.06005859375,10563,7.949999809265137;0,0;0,0;1669;52719;499;43;254;4689;55.599998474121094;0;0;0,0
1982;Triumvirate's End, Eredath;4983.2998046875,9823.4697265625,-78.69999694824219;0,0;0,0;1669;52718;500;43;254;4689;1.100000023841858;0;0;0,0
1983;Quest Path 6309: 8.0 Nazmir - Q: 47631 - Flight from Zul'jan -> Gloom Hollow - LWB;2014.550048828125,-86.25520324707031,0.1279270052909851;0,0;0,0;1642;0;0;1024;0;4689;0;0;0;122337,122337
1984;Quest Path 6310: 8.0 Nazmir - Q: 47602 - Flight out of Sundered Span - LWB;2006.3399658203125,-81.29170227050781,2.042419910430908;0,0;0,0;1642;0;0;1024;0;4689;0;0;0;26164,26164
1985;[Hidden] Argus Ground Points Hub (Ground TP out to here, TP to Vindicaar from here);359.2799987792969,1403.3499755859375,770;0,0;0,0;1669;0;0;1024;0;4689;0;0;0;118844,118844
1986;[Hidden] Argus Vindicaar Ground Hub (Vindicaar TP out to here, TP to ground from here);348.875,1397.6300048828125,770;0,0;0,0;1669;0;0;1024;0;4689;0;0;0;118844,118844
1987;[Hidden] Argus Vindicaar No Load Hub (Vindicaar No Load transition goes through here);338.6579895019531,1392.52001953125,770;0,0;0,0;1669;0;0;1024;0;4689;0;0;0;118844,118844
1988;Hope's Landing, Antoran Wastes;-2934.800048828125,8798.4296875,-231.5;0,0;0,0;1669;52721;501;43;254;4689;5.124969959259033;0;0;0,0
1991;Prophet's Reflection, Eredath;6307.330078125,10116.5,-16;0,0;0,0;1669;52717;504;43;254;4689;-116.80000305175781;0;0;0,0
1992;Light's Purchase, Antoran Wastes;-3516.090087890625,8809.33984375,-180.60000610351562;0,0;0,0;1669;52722;503;43;254;4689;24.600000381469727;0;0;0,0
1993;The Veiled Den, Antoran Wastes;-2367.06005859375,8878.9296875,-139.89999389648438;0,0;0,0;1669;52723;502;43;254;4689;60.20000076293945;0;0;0,0
1994;Vindicaar, Antoran Wastes;-2636.080078125,8699.91015625,-70.81999969482422;0.017500000074505806,0.004000000189989805;0,0;1669;51637;505;43;257;4689;104.69999694824219;52313;0;0,0
2003;City Center, Eredath;5417.009765625,10013.2998046875,-81.4000015258789;0,0;0,0;1669;52716;484;43;254;4689;90.80000305175781;0;0;0,0
2009;Warport Rastari, Zuldazar;-2022.550048828125,1629.1600341796875,52.58290100097656;0,0;0,0;1642;0;506;2;0;4689;0;0;0;122337,0
2012;Xibala, Zuldazar;-2652.840087890625,2272.02001953125,13.791600227355957;0,0;0,0;1642;0;507;1;0;4689;0;0;0;0,24490
2015;Quest Path 6437: 8.0 Nazmir - Q49082 - Flight out of Hir'eek's Lair - LWB;1858.4300537109375,1549.3399658203125,20.970600128173828;0,0;0,0;1642;0;0;1024;0;4689;0;0;0;128292,128292
2018;Quest Path 6440: 7.3 QA - TEST HOTFIX - Task 110012 - TaxiPathNode - RRB;-2397.43994140625,4402.77978515625,42.51900100708008;0,0;0,0;451;0;0;1024;0;4689;0;0;0;284,284
2020;Quest Path 6443: 7.3 QA - TEST HOTFIX - Task 110012 - TaxiPathNode - 2 - RRB;-9180.2998046875,313.35101318359375,87.06300354003906;0,0;0,0;0;0;0;1024;0;4689;0;0;0;284,284
2023;Freehold, Tiragarde Sound;-1786.510009765625,-729.3820190429688,61.87950134277344;0,0;0,0;1643;0;508;3;0;4689;0;0;0;129230,129230
2027;Temple of the Prophet, Zuldazar;-1132.6199951171875,1499.699951171875,420.2539978027344;0,0;0,0;1642;0;509;2;0;4689;0;0;0;122337,0
2033;Fallhaven, Drustvar;-66.31600189208984,2141.239990234375,46.557701110839844;0,0;0,0;1643;0;512;1;0;4689;0;0;0;0,139612
2034;Hangman's Point, Drustvar;-296.9830017089844,1227.530029296875,5.662519931793213;0,0;0,0;1643;0;513;1;0;4689;0;0;0;0,139612
2035;Fletcher's Hollow, Drustvar;-1045.72998046875,1277.6600341796875,7.273660182952881;0,0;0,0;1643;0;514;1;0;4689;0;0;0;0,139612
2037;Barbthorn Ridge, Drustvar;350.885009765625,1710.3299560546875,10.030099868774414;0,0;0,0;1643;0;515;1;0;4689;0;0;0;0,139612
2041;Quest Path 6474: Freehold, Tiragarde Sound -> Southwind Ferry Dock, Tiragarde Sound;-169.58299255371094,95.80899810791016,7.322289943695068;0,0;0,0;1643;0;0;1024;0;4689;0;0;0;128225,128225
2042;Vigil Hill, Tiragarde Sound;-730.9760131835938,706.5659790039062,64.10540008544922;0,0;0,0;1643;0;517;1;0;4689;0;0;0;0,130156
2043;xxOLD - Zuldazar, Nazmir Outskirts;174.2969970703125,1414.25,180.23800659179688;0,0;0,0;1642;0;518;1024;0;4689;0;0;54093;125991,0
2045;Garden of the Loa, Zuldazar;-104.02300262451172,1502.47998046875,398.531005859375;0,0;0,0;1642;0;519;2;0;4689;0;0;0;122337,0
2046;Atal'Dazar, Zuldazar;-639.6489868164062,1806.0899658203125,664.166015625;0,0;0,0;1642;0;520;2;0;4689;0;0;0;122337,0
2052;Anglepoint Wharf, Tiragarde Sound;790.8369750976562,1861.5400390625,-0.23193000257015228;0,0;0,0;1643;62086;521;201;5168;8208;0;0;0;0,132101
2053;Old Drust Road, Tiragarde Sound;-318.5050048828125,980.1370239257812,1.0710400342941284;0,0;0,0;1643;62086;522;201;5168;8208;0;0;0;0,132101
2054;Firebreaker Expedition, Tiragarde Sound;801.135009765625,252.16700744628906,0.1023550033569336;0,0;0,0;1643;62086;523;201;5168;8208;0;0;0;0,132101
2055;Southwind Station, Tiragarde Sound;-145.0570068359375,41.04169845581055,-0.05029340088367462;0,0;0,0;1643;62086;524;201;5168;8208;0;0;0;0,132101
2056;Fallhaven, Drustvar;-135.63699340820312,1764.27001953125,-0.29536399245262146;0,0;0,0;1643;62086;525;201;5168;8208;0;0;0;0,132101
2057;Fletcher's Hollow, Drustvar;-928.1229858398438,1325.5400390625,0.9998040199279785;0,0;0,0;1643;62086;526;201;5168;8208;0;0;0;0,132101
2058;Staghelm Point, Silithus;-6420.6201171875,178.7689971923828,8.619939804077148;0,0.27000001072883606;0,0;1817;55365;527;1024;0;4689;0;0;0;0,541
2059;Southwind Village, Silithus;-7250.47998046875,330.5830078125,23.16819953918457;0,0.27000001072883606;0,0;1817;55365;528;1024;0;4689;0;0;0;2224,0
2060;Hatherford, Tiragarde Sound;1167.5699462890625,24.069400787353516,15.393099784851074;0,0;0,0;1643;0;529;1;0;4689;0;0;0;0,130156
2061;The Sliver, Zuldazar;-624.5880126953125,715.3049926757812,234.49000549316406;0,0;0,0;1642;0;530;2;0;4689;0;0;0;122337,0
2062;Wolf's Den, Tiragarde Sound;1641.3399658203125,385.85198974609375,87.88179779052734;0,0;0,0;1643;0;531;10;0;4689;0;0;62537;69066,0
2065;Harbor, Zuldazar;-1035.97998046875,756.5999755859375,437.739990234375;0,0;0,0;1642;0;0;1088;0;4689;0;0;0;122337,0
2066;Atal'Gral, Zuldazar;-961.7670288085938,-1064.68994140625,25.57229995727539;0,0;0,0;1642;0;532;1091;0;4689;0;0;0;133834,133834
2067;Timberfell Outpost, Tiragarde Sound;-254.58200073242188,-362.4440002441406,116.10199737548828;0,0;0,0;1643;0;533;10;0;4689;0;0;63542;69066,0
2071;Dreadpearl, Zuldazar;-961.7670288085938,-1064.68994140625,25.57229995727539;0,0;0,0;1642;0;537;1091;0;4689;0;0;0;133834,133834
2073;Throne Room, Zuldazar;-1078.1199951171875,846.0260009765625,482.7860107421875;0,0;0,0;1642;0;538;1088;0;4689;0;0;0;122337,0
2074;Bridgeport, Tiragarde Sound;-93.73780059814453,-633.322998046875,5.9834699630737305;0,0;0,0;1643;0;539;1;0;4689;0;0;0;0,130156
2075;Seeker's Outpost, Zuldazar;-2303.22998046875,-252.8679962158203,1.4676400423049927;0,0;0,0;1642;0;540;3;0;4689;0;0;0;133834,133834
2076;Atal'Gral, Zuldazar;-959.6079711914062,-1058.6700439453125,25.766000747680664;0,0;0,0;1642;0;541;3;0;4689;0;0;0;133834,133834
2077;Castaway Point, Tiragarde Sound;-1688.0400390625,-1420.530029296875,35.02259826660156;0,0;0,0;1643;0;542;3;0;4689;0;0;0;140802,140802
2078;Fort Victory, Nazmir;2079.330078125,176.21499633789062,4.742119789123535;0,0;0,0;1642;0;543;1;0;4689;0;0;0;0,69067
2079;Kennings Lodge, Tiragarde Sound;-921.9619750976562,-696.552001953125,115.572998046875;0,0;0,0;1643;0;544;1;0;4689;0;0;0;0,68771
2080;Grimwatt's Crash, Nazmir;1310.31005859375,1647.5,40.7598991394043;0,0;0,0;1642;0;597;9;0;4689;0;0;63128;0,69067
2083;Tradewinds Market, Tiragarde Sound;1153.030029296875,-470.3009948730469,31.292200088500977;0,0;0,0;1643;0;558;5;0;4689;0;0;0;0,128225
2084;Norwington Estate, Tiragarde Sound;889.0020141601562,1064.5899658203125,62.12459945678711;0,0;0,0;1643;0;545;1;0;4689;0;0;0;0,130156
2085;Tidecross, Stormsong Valley;3346.840087890625,-376.00201416015625,18.54400062561035;0,0;0,0;1643;0;546;1;0;4689;0;0;0;0,134687
2086;Brennadam, Stormsong Valley;2495.52001953125,-44.368099212646484,55.23189926147461;0,0;0,0;1643;0;547;1;0;4689;0;0;0;0,134687
2087;Outrigger Post, Tiragarde Sound;1080.949951171875,2347.85009765625,3.315999984741211;0,0;0,0;1643;0;548;1;0;4689;0;0;0;0,130156
2088;Mildenhall Meadery, Stormsong Valley;2700.280029296875,-547.5659790039062,5.3341498374938965;0,0;0,0;1643;0;549;1;0;4689;0;0;0;0,138174
2089;Seekers Vista, Stormsong Valley;3752.6201171875,1068.5999755859375,6.949699878692627;0,0;0,0;1643;0;550;3;0;4689;0;0;0;133834,133834
2090;Hillcrest Pasture, Stormsong Valley;2126.5,349.9909973144531,127.70899963378906;0,0;0,0;1643;0;551;10;0;4689;0;0;62562;95076,0
2091;Stonetusk Watch, Stormsong Valley;2636.489990234375,1138.1500244140625,97.67960357666016;0,0;0,0;1643;0;552;10;0;4689;0;0;62691;95076,0
2092;Diretusk Hollow, Stormsong Valley;3298.97998046875,262.875,82.70719909667969;0,0;0,0;1643;0;553;2;0;4689;0;0;0;68773,0
2093;Ironmaul Overlook, Stormsong Valley;2737.389892578125,-966.6790161132812,84.243896484375;0,0;0,0;1643;0;554;10;0;4689;0;0;0;68773,0
2094;Warfang Hold, Stormsong Valley;3889.080078125,423.14898681640625,130.45700073242188;0,0;0,0;1643;0;555;10;0;4689;0;0;64001;68773,0
2095;Shrine of the Storm, Stormsong Valley;4252.02001953125,-1080.8199462890625,178.71299743652344;0,0;0,0;1643;0;556;2;0;4689;0;0;0;87442,0
2096;Tol Dagor, Tiragarde Sound;-80.04509735107422,-2648.35009765625,1.8397200107574463;0,0;0,0;1643;0;557;5;0;4689;0;0;0;0,128225
2097;Deadwash, Stormsong Valley;2991.090087890625,914.7449951171875,14.581700325012207;0,0;0,0;1643;0;559;1;0;4689;0;0;0;0,68771
2101;The Amber Waves, Stormsong Valley;2508.090087890625,458.8399963378906,66.40039825439453;0,0;0,0;1643;0;560;1;0;4689;0;0;0;0,134687
2102;Roughneck Camp, Tiragarde Sound;1174.6199951171875,1838.3800048828125,124.4739990234375;0,0;0,0;1643;0;561;1;0;4689;0;0;0;0,130156
2103;Eastpoint Station, Tiragarde Sound;125.7760009765625,-548.875,4.96835994720459;0,0;0,0;1643;0;0;1024;0;4689;0;0;0;0,130156
2104;Eastpoint Station, Tiragarde Sound;124.18900299072266,-498.4530029296875,-0.2110619992017746;0,0;0,0;1643;62086;562;201;5168;8208;0;0;0;0,132101
2105;Tradewinds Market, Tiragarde Sound;1038.6400146484375,-586.5020141601562,-0.21314400434494019;0,0;0,0;1643;62086;563;201;5168;8208;0;0;0;0,132101
2106;Arom's Stand, Drustvar;-742.6090087890625,3115.2900390625,328.4670104980469;0,0;0,0;1643;0;565;1;0;4689;0;0;0;0,139612
2107;Watchman's Rise, Drustvar;100.12799835205078,3478.340087890625,197.00599670410156;0,0;0,0;1643;0;564;1;0;4689;0;0;0;0,139612
2108;Falconhurst, Drustvar;-1501.969970703125,3755.72998046875,5.863570213317871;0,0;0,0;1643;0;566;1;0;4689;0;0;0;0,139612
2109;Whitegrove Chapel, Drustvar;631.97900390625,3829.43994140625,101.73300170898438;0,0;0,0;1643;0;567;3;0;4689;0;0;0;135309,135309
2110;Shatterstone Harbor, Vol'dun;2778.2900390625,4186.9599609375,9.867850303649902;0,0;0,0;1642;0;568;9;0;4689;0;0;64000;0,129538
2111;Vorrik's Sanctum, Vol'dun;2740.179931640625,3469.89990234375,66.11019897460938;0,0;0,0;1642;0;569;2;0;4689;0;0;0;139780,0
2112;Vulture's Nest, Vol'dun;2623.35009765625,3038.169921875,82.42780303955078;0,0;0,0;1642;0;570;9;0;4689;0;0;63178;0,69067
2114;Deadwood Cove, Vol'dun;528.7119750976562,3983.06005859375,2.273780107498169;0,0;0,0;1642;0;572;9;0;4689;0;0;61955;0,28625
2116;Quest Path 6698: Horde Embassy, Zuldazar -> Throne Room, Zuldazar;-1077.06005859375,852.8330078125,482.7860107421875;0,0;0,0;1642;0;0;1024;0;4689;0;0;0;122337,122337
2117;Vulpera Hideaway, Vol'dun;2095.050048828125,2808.830078125,56.24250030517578;0,0;0,0;1642;0;574;2;0;4689;0;0;0;139780,0
2118;Temple of Akunda, Vol'dun;284.2640075683594,3029.7099609375,189.05799865722656;0,0;0,0;1642;0;573;2;0;4689;0;0;0;129538,0
2119;Sanctuary of the Devoted, Vol'dun;2048.030029296875,4806.85986328125,73.29669952392578;0,0;0,0;1642;0;575;7;0;4689;0;0;0;129538,129538
2120;Tortaka Refuge, Vol'dun;3353.1298828125,2476.1298828125,43.51449966430664;0,0;0,0;1642;0;576;3;0;4689;0;0;0;133834,133834
2126;Scaletrader Post, Zuldazar;-290.7659912109375,-281.0379943847656,259.32000732421875;0,0;0,0;1642;0;571;3;0;4689;0;0;0;133834,133834
2127;Anyport, Drustvar;-392.0950012207031,4203.89013671875,29.39550018310547;0,0;0,0;1643;0;577;3;0;4689;0;0;0;129445,132339
2128;Quest Path 6783: 8.0 Stormsong - Monastery -> Water Bridge - GJC;3807.449951171875,-605.7880249023438,4.8915300369262695;0,0;0,0;1643;0;0;1024;0;4689;0;0;0;136904,136904
2129;Quest Path 6799: 8.0 Nazmir - Player Flight Path to Altar of Rot - (STM);1102.7900390625,654.7780151367188,-188.0659942626953;0,0;0,0;1642;0;0;1024;0;4689;0;0;0;125990,125990
2133;Shrine of the Storm, Stormsong Valley;4073.1298828125,-1087.6400146484375,184.47500610351562;0,0;0,0;1643;0;578;1;0;4689;0;0;0;0,124727
2135;Krazzlefrazz Outpost, Drustvar;340.8320007324219,3160.43994140625,367.2019958496094;0,0;0,0;1643;0;579;10;0;4689;0;0;57357;42886,0
2137;Millstone Hamlet, Stormsong Valley;2644.840087890625,1594.280029296875,57.97800064086914;0,0;0,0;1643;0;581;1;0;4689;0;0;0;0,134687
2138;Fort Daelin, Stormsong Valley;3372.159912109375,1397.3599853515625,42.085201263427734;0,0;0,0;1643;0;582;1;0;4689;0;0;0;0,134687
2139;Windfall Cavern, Stormsong Valley;4133.56982421875,-110.04199981689453,208.53900146484375;0,0;0,0;1643;0;580;10;0;4689;0;0;62476;68773,0
2140;Plunder Harbor, Tiragarde Sound;-191.64100646972656,-1487.969970703125,14.223999977111816;0,0;0,0;1643;0;583;10;0;4689;0;0;64002;69066,0
2143;Scorched Sands Outpost, Vol'dun;884.9979858398438,3698.929931640625,64.03009796142578;0,0;0,0;1642;0;585;2;0;4689;0;0;0;129538,0
2144;Goldtusk Inn, Vol'dun;1559.93994140625,3777.530029296875,37.28879928588867;0,0;0,0;1642;0;584;2;0;4689;0;0;53471;129538,0
2145;Verdant Hollow, Zuldazar;-19.9375,999.8590087890625,200.81500244140625;0,0;0,0;1642;0;586;9;0;4689;0;0;62879;0,24490
2147;Castaway Encampment, Zuldazar;-1697.4200439453125,-862.7520141601562,23.849199295043945;0,0;0,0;1642;0;587;1;0;4689;0;0;0;0,24490
2148;Mugamba Overlook, Zuldazar;-150.21200561523438,1911.949951171875,452.0780029296875;0,0;0,0;1642;0;588;9;0;4689;0;0;62832;0,24490
2153;Mistvine Ledge, Zuldazar;-1293.6199951171875,259.447998046875,280.6310119628906;0,0;0,0;1642;0;589;9;0;4689;0;0;62976;0,24490
2156;Quest Path 6967: 8.0 War Campaign - Horde - Chapter 02 - Anyport to Barrowknoll (JLW);-715.64599609375,1794.800048828125,103.00399780273438;0,0;0,0;1643;0;0;1024;0;4689;0;0;0;42886,42886
2157;Veiled Grotto, Zuldazar;-696.906005859375,1942.739990234375,714.7760009765625;0,0;0,0;1642;0;534;9;0;4689;0;0;62800;0,24490
2158;Quest Path 6995: 8.0 Quest - Warchief's Command: Thousand Needles! - Orgrimmar --> Mudsprocket (ELM);-4566.47998046875,-3224.909912109375,34.747501373291016;0,0;0,0;1;0;0;1024;0;4689;0;0;0;2224,2224
2159;Quest Path 6996: 8.0 Quest - Warchief's Command: Un'Goro Crater! - Orgrimmar --> Marshal's Stand (ELM);-7548.43994140625,-1540.260009765625,-271.17498779296875;0,0;0,0;1;0;0;1024;0;4689;0;0;0;2224,2224
2160;Quest Path 6997: 8.0 Quest - Warchief's Command: Silithus! - Orgrimmar --> Cenarion Hold (ELM);-6810.9599609375,836.6740112304688,49.80780029296875;0,0;0,0;1;0;0;1024;0;4689;0;0;0;2224,2224
2161;Redfield's Watch, Nazmir;2799.25,774.2009887695312,6.213019847869873;0,0;0,0;1642;0;598;1;0;4689;0;0;0;0,69067
2162;Devoted Sanctuary, Vol'dun;2048.030029296875,4806.85986328125,73.29669952392578;0,0;0,0;1642;0;535;1095;0;4689;0;0;0;129538,129538
2163;Quest Path 7004: 8.0 Quest - Warchief's Command: Southern Barrens! - Orgrimmar --> Malaka'jin (ELM);-113.7760009765625,-258.7619934082031,23.84910011291504;0,0;0,0;1;0;0;1024;0;4689;0;0;0;2224,2224
2164;Isle of Fangs, Zuldazar;-3529.85009765625,1103.2900390625,8.040690422058105;0,0;0,0;1642;0;536;2;0;4689;0;0;0;140642,0
2165;Tusk Isle, Zuldazar;-3018.719970703125,686.4199829101562,14.820500373840332;0,0;0,0;1642;0;590;2;0;4689;0;0;0;140646,0
2166;Quest Path 7063: 8.0 War Campaign - Horde - Chapter 05 - Plunder Harbor to Flagship (JLW);-150.02999877929688,-1849.43994140625,26.5;0,0;0,0;1643;0;0;1024;0;4689;0;0;0;141023,141023
2167;Quest Path 7064: 8.0 War Campaign - Horde - Chapter 05 - Plunder Harbor to Ship (JLW);-264.7860107421875,-1806.6600341796875,12.715399742126465;0,0;0,0;1643;0;0;1024;0;4689;0;0;0;141023,141023
2168;Quest Path 7065: 8.0 War Campaign - Horde - Chapter 05 - Ship to Plunder Harbor (JLW);-296.7959899902344,-1480.75,32.080501556396484;0,0;0,0;1643;0;0;1024;0;4689;0;0;0;141023,141023
2169;Quest Path 7066: 8.0 War Campaign - Horde - Chapter 05 - Flagship to Plunder Harbor (JLW);-296.7959899902344,-1480.75,32.080501556396484;0,0;0,0;1643;0;0;1024;0;4689;0;0;0;141023,141023
2170;Quest Path 7067: 8.0 War Campaign - Horde - Chapter 05 - Ship to Flagship (JLW);-150.02999877929688,-1849.43994140625,26.5;0,0;0,0;1643;0;0;1024;0;4689;0;0;0;141023,141023
2171;Quest Path 7068: 8.0 War Campaign - Horde - Chapter 05 - Flagship to Ship (JLW);-264.7860107421875,-1806.6600341796875,14.410699844360352;0,0;0,0;1643;0;0;1024;0;4689;0;0;0;141023,141023
2172;Disable Taxi Paths - Source - RRB;0,0,0;0,0;0,0;0;0;0;1024;0;4689;0;0;0;0,0
2173;Disable Taxi Paths - Destination - RRB;0,0,0;0,0;0,0;0;0;0;1024;0;4689;0;0;0;0,0
2272;Quest Path 6801: 8.0 Nazmir - Altar of Rot to Zul'jan Ruins - (STM);791.0599975585938,1403.510009765625,19.889999389648438;0,0;0,0;1642;0;0;1024;0;4689;0;0;0;125990,125990
2273;Waning Glacier, Tiragarde Sound;1397.260009765625,2043.4300537109375,264.5509948730469;0,0;0,0;1643;0;591;2;0;4689;0;0;0;42886,0
2274;Swiftwind Post, Drustvar;-1001.0700073242188,1493.8800048828125,47.90890121459961;0,0;0,0;1643;0;593;10;0;4689;0;0;62360;98937,0
2275;Mudfisher Cove, Drustvar;618.9110107421875,1740.3699951171875,0.9502379894256592;0,0;0,0;1643;0;592;10;0;4689;0;0;62410;139542,0
2276;Tol Dagor, Tiragarde Sound;139.6580047607422,-2541.449951171875,0.8162130117416382;0,0;0,0;1643;0;594;6;0;4689;0;0;0;87442,0
2277;Proudmoore Keep, Tiragarde Sound;552.1680297851562,-126.11799621582031,25.79800033569336;0,0;0,0;1643;0;595;1;0;4689;0;0;0;0,128225
2278;Mariner's Row, Tiragarde Sound;465.68798828125,-642.6510009765625,28.527799606323242;0,0;0,0;1643;0;596;1;0;4689;0;0;0;0,128225
2279;Stonefist Watch, Tiragarde Sound;-809.1129760742188,1041.010009765625,50.89149856567383;0,0;0,0;1643;0;599;14;0;4689;0;0;62361;68773,0
2282;Quest Path 6478: 8.0 Nazmir - Zuldazar to Talanji's Camp - (STM);166.58900451660156,1399.4000244140625,178.91700744628906;0,0;0,0;1642;0;0;1024;0;4689;0;0;0;129538,129538
2381;The Mugambala, Zuldazar;-1849.6700439453125,1195.699951171875,53.36199951171875;0,0;0,0;1642;0;600;6;0;4689;258;0;0;122337,0
2382;Quest Path 7405: 8.1 War Campaign - A - Ch1 - South Shore -> Ramparts - KRB;852.4240112304688,2262.570068359375,42.980201721191406;0,0;0,0;1643;0;0;1024;0;4689;0;0;0;79302,79302
2383;Quest Path 7496: 8.1 War Campaign - A - Ch1 - Ramparts -> South Shore  - KRB;925.6279907226562,2335.639892578125,2.891119956970215;0,0;0,0;1643;0;0;1024;0;4689;0;0;0;79302,79302
2384;Quest Path 7497: 8.1 War Campaign - A - Ch1 - North Shore -> Ramparts - KRB;849.7069702148438,2260.679931640625,42.986000061035156;0,0;0,0;1643;0;0;1024;0;4689;0;0;0;79302,79302
2392;Quest Path 7569: 8.2 Nazjatar - Kal'methir - Boss Path ;1814.0699462890625,-1176.3699951171875,-243.6009979248047;0,0;0,0;0;0;0;1024;0;4689;0;0;0;79302,79302
2393;TEMP, 9.0, Oribos, Bastion;-1834.22998046875,1191.52001953125,5450.93994140625;0,0;0,0;2222;0;643;1024;0;4689;0;0;0;164767,164767
2394;TEMP, 9.0, Oribos, Maldraxxus;-1768.760009765625,1217.3900146484375,5450.93994140625;0,0;0,0;2222;0;644;1024;0;4689;0;0;0;164767,164767
2395;Oribos;-1902.43994140625,1214.760009765625,5450.8701171875;0,0;0,0;2222;0;601;3;0;4689;0;0;0;164767,164767
2396;TEMP, 9.0, Oribos, Ardenweald;-1926.489990234375,1282.9000244140625,5450.93994140625;0,0;0,0;2222;0;642;1024;0;4689;0;0;0;164767,164767
2397;9.0, Zone, Bastion;-4251.68017578125,-3886.169921875,6564.22998046875;0,0;0,0;2222;0;516;1024;0;4689;0;0;0;0,0
2398;Bleak Redoubt, Maldraxxus;1974.739990234375,-2691.75,3338.030029296875;0,0;0,0;2222;87386;634;3;0;4689;0;0;87386;165085,165085
2399;TEMP, 9.0, Zone, Revendreth;-3499.050048828125,5435.4599609375,4282.9599609375;0,0;0,0;2222;0;605;1024;0;4689;0;0;0;0,0
2400;TEMP, 9.0, Zone, Ardenweald;-5196.72998046875,-573.35400390625,5838.18994140625;0,0;0,0;2222;0;0;1024;0;4689;0;0;0;0,0
2401;Alliance Outpost, Exile's Reach Outpost;209.14199829101562,-2295.6298828125,82.8760986328125;0,0;0,0;2175;0;603;1;0;4689;258;0;0;0,541
2402;Ogre Citadel, Exile's Reach Island;1023.719970703125,-1307.5899658203125,291.1679992675781;0,0;0,0;2175;0;602;1;0;4689;258;0;0;0,119528
2403;Kelya's Grave, Nazjatar;2077.949951171875,-1566.260009765625,-408.35400390625;0,0;0,0;1718;0;604;3;0;4689;0;0;71996;152284,152284
2404;Newhome, Nazjatar;988.8060302734375,-425.99700927734375,-279.03900146484375;0,0;0,0;1718;0;606;2;0;4689;0;0;0;153839,0
2405;Zin'Azshari, Nazjatar;1707.1800537109375,-1794.6199951171875,-419.5409851074219;0,0;0,0;1718;70076;617;2;0;4689;0;0;70076;153839,0
2406;Orise's Vigil, Nazjatar;1652.4300537109375,-1560.800048828125,-416.4119873046875;0,0;0,0;1718;0;607;1;0;4689;0;0;0;0,153839
2407;Utama's Stand, Nazjatar;1747.1600341796875,-1035.3399658203125,-374.84100341796875;0,0;0,0;1718;70076;608;1;0;4689;0;0;70076;0,153839
2408;Mezzamere, Nazjatar;1251.1500244140625,-101.86100006103516,-327.89300537109375;0,0;0,0;1718;0;609;1;0;4689;0;0;0;0,153839
2409;Wreck of the Old Blanchy, Nazjatar;359.45001220703125,-299.947998046875,-191.75;0,0;0,0;1718;70076;610;1;0;4689;0;0;70076;0,134687
2410;Ashen Strand, Nazjatar;1708.199951171875,237.0679931640625,-363.5979919433594;0,0;0,0;1718;70076;611;9;0;4689;0;0;70076;0,153839
2411;Ashen Strand, Nazjatar;1721.81005859375,128.68099975585938,-370.35198974609375;0,0;0,0;1718;70076;612;2;0;4689;0;0;70076;153839,0
2412;Wreck of the Hungry Riverbeast, Nazjatar;449.5379943847656,54.11629867553711,-145.4040069580078;0,0;0,0;1718;70076;613;2;0;4689;0;0;70076;20413,0
2437;Ekka's Hideaway, Nazjatar;1316.75,-1130.3199462890625,-349.4389953613281;0,0;0,0;1718;70076;616;2;0;4689;0;0;70076;153839,0
2441;Prospectus Bay, Mechagon;3282.02001953125,4900.4599609375,3.515939950942993;0,0;0,0;1643;0;615;2;0;4689;0;0;0;139734,0
2442;Overspark Expedition Camp, Mechagon;3044.409912109375,4800.759765625,1.5110000371932983;0,0;0,0;1643;0;614;5;0;4689;0;0;137224;0,156009
2467;test node;-492.2969970703125,-596.7860107421875,0;0,0;0,0;2224;0;0;1024;0;4689;0;0;0;39396,25968
2471;test node;-492.2969970703125,-596.7860107421875,0;0,0;0,0;2224;0;0;1024;0;4689;0;0;0;39396,40054
2472;test node;-492.2969970703125,-596.7860107421875,0;0,0;0,0;2224;0;0;1024;0;4689;0;0;0;56239,40054
2473;test node;-492.2969970703125,-596.7860107421875,0;0,0;0,0;2224;0;0;1024;0;4689;0;0;0;56239,35445
2474;adams test node;-244.53500366210938,-692.6339721679688,0;0,0;0,0;2228;0;0;1024;0;4689;0;0;0;25968,39396
2475;adams second test node;-216.09500122070312,-586.7730102539062,0;0,0;0,0;2228;0;0;1024;0;4689;0;0;0;19841,149703
2482;The Tidal Conflux, Nazjatar;2113.030029296875,-584.9340209960938,-609.4609985351562;0,0;0,0;1718;71256;619;10;0;4689;0;0;71256;153839,0
2483;The Tidal Conflux, Nazjatar;2112.7900390625,-525.2119750976562,-609.4520263671875;0,0;0,0;1718;71257;620;9;0;4689;0;0;71257;0,153839
2488;Darkhaven, Revendreth;-2623.97998046875,6010.490234375,4115.68994140625;0,0;0,0;2222;0;621;3;0;4689;295.25299072265625;0;0;160201,160201
2490;Quest Path 7759: Oribos go south 2 (msc);-1908.7900390625,1282.8800048828125,5268.81005859375;0,0;0,0;2222;0;0;1024;0;4689;0;0;0;133834,133834
2506;Quest Path 7794: 9.0 Bastion - Temple of Humility - Quest - Transport To Humiity Top (JLW);-2479.639892578125,-6114.77978515625,6789.419921875;0,0;0,0;2222;0;0;1024;0;4689;0;0;0;133834,133834
2511;Sanctuary of the Mad, Revendreth;-2172.1201171875,7696.52001953125,4096.10986328125;0,0;0,0;2222;0;623;3;0;4689;295.25299072265625;0;0;160201,160201
2512;Halls of Atonement, Revendreth;-1848.27001953125,5393.16015625,4062.77001953125;0,0;0,0;2222;0;624;3;0;4689;153.2570037841797;0;0;160201,160201
2513;Old Gate, Revendreth;-1798.8800048828125,5975.68994140625,4125.75;0,0;0,0;2222;0;625;3;0;4689;295.25299072265625;0;0;160201,160201
2514;Pridefall Hamlet, Revendreth;-3387.699951171875,5461.4599609375,4275.72021484375;0,0;0,0;2222;0;626;3;0;4689;295.25299072265625;0;0;160201,160201
2515;Dominance Keep, Revendreth;-1424.75,7952.009765625,4033.5400390625;0,0;0,0;2222;0;627;3;0;4689;83.05970001220703;0;0;160201,160201
2517;Menagerie of the Master, Revendreth;-1304.68994140625,6367.64990234375,4184.47021484375;0,0;0,0;2222;0;629;3;0;4689;293.625;0;0;160201,160201
2518;Wanecrypt Hill, Revendreth;-2952.60009765625,6721.1298828125,4038.639892578125;0,0;0,0;2222;0;630;3;0;4689;0;0;0;160201,160201
2519;Aspirant's Rest, Bastion;-4160.75,-4629.77001953125,6534.14990234375;0,0;0,0;2222;0;631;3;0;4689;0;0;0;159123,159123
2520;Sagehaven, Bastion;-2305.080078125,-4361.41015625,6600.31005859375;0,0;0,0;2222;0;633;3;0;4689;0;0;0;159123,159123
2527;Quest Path 7856: 9.0 Ardenweald - COV - MC - Q57782 - Taxi to Boss - LWB;-5592.77978515625,1737.0400390625,5646.10986328125;0,0;0,0;2222;0;0;1024;0;4689;0;0;0;100483,100483
2528;Elysian Hold, Bastion;-1636.6700439453125,-5815.990234375,6851.7001953125;0,0;0,0;2222;0;637;11;0;4689;0;0;87294;159123,159123
2529;Hero's Rest, Bastion;-2944.080078125,-4853.7099609375,6704.27001953125;0,0;0,0;2222;0;638;3;0;4689;0;0;0;159123,159123
2537;Charred Ramparts, Revendreth;-2191.10009765625,7223.68017578125,4240.08984375;0,0;0,0;2222;0;640;3;0;4689;295.25299072265625;0;0;160201,160201
2541;Quest Path 7899: 9.0 Bastion - Campaign - Ch 05 - Revendreth - Redelav District - Transport Down from Wall (JLW);-1897.8900146484375,6340.1201171875,4232.14013671875;0,0;0,0;2222;0;0;1024;0;4689;0;0;0;163012,163012
2544;Mistfall Village, Vale of Eternal Blossoms;685.7100219726562,1492.81005859375,412.34100341796875;0,0;0,0;1795;0;641;3;0;4689;0;0;0;70280,70280
2548;Sinfall, Revendreth;-1852.3800048828125,7585.419921875,4192.5400390625;0,0;0,0;2222;84603;646;3;0;4689;17.305500030517578;0;84603;160201,160201
2549;Quest Path 7925: 9.0 Bastion - Temple of Wisdom - Teleport Pads - Grounds -> Temple Base - GJC;-1793.7900390625,-4121.18994140625,6562.66015625;0,0;0,0;2222;0;0;1024;0;4689;0;0;0;163012,163012
2550;Quest Path 7926: 9.0 Bastion - Temple of Wisdom - Teleport Pads - Temple Base -> Grounds - GJC;-1904.8399658203125,-4203.60986328125,6576.5400390625;0,0;0,0;2222;0;0;1024;0;4689;0;0;0;163012,163012
2552;Quest Path 7869: 9.0 Bastion - Hero's Rest - Zipline - North - Up - GJC;-2864.659912109375,-4969.18017578125,6698.81005859375;0,0;0,0;2222;0;0;1024;0;4689;0;0;0;163012,163012
2553;Quest Path 7949: 9.0 Ardenweald - Bastion Campaign - Queen's Chamber - Up - RRB;-6892.330078125,1040.800048828125,5778.27978515625;0,0;0,0;2222;0;0;1024;0;4689;0;0;0;163012,163012
2554;Quest Path 7950: 9.0 Ardenweald - Bastion Campaign - Queen's Chamber - Down - RRB/ELM;-6835.66015625,1154.5,5673.89013671875;0,0;0,0;2222;0;0;1024;0;4689;0;0;0;163012,163012
2555;The Maw;501.29998779296875,1470.300048828125,765.7999877929688;0.006899999920278788,-0.02590000070631504;0,0;1669;51635;0;1067;256;4689;24;53150;0;0,0
2556;Progenitor Console;4464.52978515625,6831.6298828125,4888.8701171875;0.006899999920278788,-0.02590000070631504;0,0;2222;5703;632;43;256;4689;24;5703;0;163012,163012
2557;[Hidden] The Maw - Outdoor - Cocyrus Oribos Teleport Dest;4464.39990234375,6835.4501953125,4888.68994140625;0,0;0,0;2222;5703;0;1027;0;4689;0;0;5703;118844,118844
2558;The Spearhead, Maldraxxus;2489.25,-1839.0999755859375,3272.409912109375;0,0;0,0;2222;0;636;3;0;4689;0;0;0;165085,165085
2559;Spider's Watch, Maldraxxus;3587.010009765625,-1746.56005859375,3225.929931640625;0,0;0,0;2222;0;635;3;0;4689;0;0;0;165085,165085
2560;Keres' Rest, Maldraxxus;3531.679931640625,-2766.639892578125,3343.6298828125;0,0;0,0;2222;0;648;3;0;4689;0;0;0;165085,165085
2561;Renounced Bastille, Maldraxxus;2891.320068359375,-3648.030029296875,3321.330078125;0,0;0,0;2222;0;649;3;0;4689;0;0;0;165085,165085
2562;Quest Path 7870: 9.0 Bastion - Hero's Rest - Zipline - South - Up - GJC;-3019.7099609375,-4972.77978515625,6698.81005859375;0,0;0,0;0;0;0;1024;0;4689;0;0;0;163012,163012
2563;Quest Path 7876: 9.0 Bastion - Hero's Rest - Zipline - South - Down - GJC;-3214.8798828125,-5162.60986328125,6593.080078125;0,0;0,0;0;0;0;1024;0;4689;0;0;0;163012,163012
2564;Theater of Pain, Maldraxxus;2580.469970703125,-2520.760009765625,3307.52001953125;0,0;0,0;2222;0;650;3;0;4689;0;0;0;165085,165085
2566;Quest Path 7875: 9.0 Bastion - Hero's Rest - Zipline - West - Down - GJC;-3048.030029296875,-4545.490234375,6637.85009765625;0,0;0,0;2222;0;0;1024;0;4689;0;0;0;163012,163012
2567;Quest Path 7874: 9.0 Bastion - Hero's Rest - Zipline - West - Up - GJC;-2942.699951171875,-4802.72998046875,6689.0400390625;0,0;0,0;2222;0;0;1024;0;4689;0;0;0;163012,163012
2568;Quest Path 7877: 9.0 Bastion - Hero's Rest - Zipline - North - Down - GJC;-2544.780029296875,-4954.89990234375,6582;0,0;0,0;2222;0;0;1024;0;4689;0;0;0;163012,163012
2569;Plague Watch, Maldraxxus;1778.3199462890625,-3039.2900390625,3277.830078125;0,0;0,0;2222;0;652;3;0;4689;0;0;0;165085,165085
2572;Quest Path 8039: 9.0 Bastion - Campaign - Ch 05 - Revendreth - Tower to Ember Ward (JLW);-2218.6298828125,7648,4055.7099609375;0,0;0,0;2222;0;0;1024;0;4689;0;0;0;160201,160201
2573;Quest Path 8047: 9.0 Ardenweald - Covenant Hall - Queen's Audience Chamber Taxi Up - KRB;-6893.8701171875,1041.8199462890625,5777.02978515625;0,0;0,0;2222;0;0;1024;0;4689;0;0;0;175129,175129
2574;Quest Path 8048: 9.0 Ardenweald - Covenant Hall - Queen's Audience Chamber Taxi Down - KRB;-6886.33984375,1001.6099853515625,5691.419921875;0,0;0,0;2222;0;0;1024;0;4689;0;0;0;175129,175129
2575;Quest Path 8054: 9.0 Ardenweald - COV - Sisters - Q05 - Queen's Audience Chamber Taxi Up - KRB;-6895.4501953125,1042.3199462890625,5777.85009765625;0,0;0,0;2222;0;0;1024;0;4689;0;0;0;175129,175129
2576;Quest Path 8055: 9.0 Ardenweald - COV - Sisters - Q05 - Queen's Audience Chamber Taxi Down - KRB;-6856.5400390625,1029.699951171875,5689.9501953125;0,0;0,0;2222;0;0;1024;0;4689;0;0;0;175129,175129
2580;Quest Path 8079: 9.0 Bastion Campaign - Ch 09 - Loyalty - Stage 6 - Ground -> Temple of Loyalty - GJC;-1879.449951171875,-2829.179931640625,6746.81005859375;0,0;0,0;2305;0;0;1024;0;4689;0;0;0;163012,163012
2584;Glitterfall Basin, Ardenweald;-5993.72021484375,650.7550048828125,5505.2998046875;0,0;0,0;2222;0;663;3;0;4689;0;0;0;165090,165090
2585;Tirna Vaal, Ardenweald;-6143.77978515625,-207.1280059814453,5581.919921875;0,0;0,0;2222;0;653;3;0;4689;0;0;0;165090,165090
2586;Hibernal Hollow, Ardenweald;-6903.6298828125,15.222200393676758,5460.0400390625;0,0;0,0;2222;0;654;3;0;4689;0;0;0;165090,165090
2587;Heart of the Forest, Ardenweald;-6788.56005859375,1006.7999877929688,5711.7900390625;0,0;0,0;2222;87905;655;3;0;4689;0;0;87905;165090,165090
2588;Root-Home, Ardenweald;-6821.22998046875,1804.9000244140625,5561.27001953125;0,0;0,0;2222;0;660;3;0;4689;250;0;0;165090,165090
2589;Claw's Edge, Ardenweald;-7747.39990234375,657.875,5521.27978515625;0,0;0,0;2222;0;662;3;0;4689;0;0;0;165090,165090
2590;Refugee Camp, Ardenweald;-6828.47998046875,798.7329711914062,5664.18994140625;0,0;0,0;2222;87906;661;3;0;4689;345;0;87906;165090,165090
2591;Crucible of Souls;4410.7900390625,7746.81982421875,4915.56005859375;0,0;0,0;2222;0;656;1152;0;4689;0;0;0;0,0
2594;9.0 Maw - Oribos - Teleport In;-1815.68994140625,1302.4100341796875,5446;0,0;0,0;2222;0;659;163;0;4689;0;0;0;0,0
2595;Quest Path 8159: 9.0 Bastion - Level Up - Memory Extraction - Zipline - Up (JAK);-3714.489990234375,-5046.25,6575.41015625;0,0;0,0;2222;0;0;1024;0;4689;0;0;0;163012,163012
2596;Quest Path 8160: 9.0 Bastion - Level Up - Memory Extraction - Zipline - Down (JAK);-3841.39990234375,-5275.39013671875,6489.89990234375;0,0;0,0;2222;0;0;1024;0;4689;0;0;0;163012,163012
2602;Quest Path 8194: 9.0 Bastion - Level Up - Temple of Purity - Zipline - Up (JAK);-3993.139892578125,-5779.60009765625,6730.83984375;0,0;0,0;2222;0;0;1024;0;4689;0;0;0;163012,163012
2603;Quest Path 8195: 9.0 Bastion - Level Up - Temple of Purity - Zipline - Down (JAK);-4077.610107421875,-5658.259765625,6527.06982421875;0,0;0,0;2222;0;0;1024;0;4689;0;0;0;163012,163012
2604;Quest Path 8242: [UNUSED]9.x Quest - The Battle for Lordaeron (H) - Orgrimmar, Valley of Strength --> Orgrimmar, Gates of Orgrimmar (ELM);1426.510009765625,-4377.66015625,73.9208984375;0,0;0,0;1;0;0;1024;0;4689;0;0;0;2224,2224
2605;Quest Path 8278: Theater of Pain Taxi Path;1619.3199462890625,2374.25,232.00900268554688;0,0;0,0;1529;0;0;1024;0;4689;0;0;0;79302,79302
2625;Elysian Hold, Bastion;-1714.8199462890625,-5786.2099609375,6823.56982421875;0,0;0,0;2222;81993;657;99;5367;11792;0;0;81993;0,0
2626;Hero's Rest, Bastion;-2943.6298828125,-4871.9501953125,6704.1201171875;0,0;0,0;2222;81993;658;99;5367;11792;227.83900451660156;0;81993;0,0
2627;[Hidden] 9.0 Bastion Ground Points Hub (Ground TP out to here, TP to Sanctum from here);-1745.030029296875,-5707.75,6823.93994140625;0,0;0,0;2222;0;0;1024;0;11792;0;0;0;163012,163012
2628;[Hidden] 9.0 Bastion Ground Hub (Sanctum TP out to here, TP to ground from here);-1737.8199462890625,-5714.68994140625,6823.93994140625;0,0;0,0;2222;0;0;1024;0;11792;0;0;0;163012,163012
2630;Aspirant's Rest, Bastion;-4101.2001953125,-4643.759765625,6536;0,0;0,0;2222;81993;664;99;5367;11792;227.83900451660156;0;81993;0,0
2631;Xandria's Vigil, Bastion;-3316.85009765625,-4135.93994140625,6599.4501953125;0,0;0,0;2222;81993;665;99;5367;11792;227.83900451660156;0;81993;0,0
2632;Sagehaven, Bastion;-2330.7099609375,-4365.93017578125,6598.14013671875;0,0;0,0;2222;81994;666;99;5367;11792;227.83900451660156;0;81994;0,0
2633;Temple of Purity, Bastion;-4290.81005859375,-5383.72021484375,6514.85986328125;0,0;0,0;2222;81994;667;99;5367;11792;227.83900451660156;0;81994;0,0
2634;Seat of Eternal Hymns, Bastion;-2239.550048828125,-5313.10009765625,6541.4599609375;0,0;0,0;2222;81994;668;99;5367;11792;227.83900451660156;0;81994;0,0
2635;Temple of Humility, Bastion;-2986.030029296875,-5855.18994140625,6547.0400390625;0,0;0,0;2222;81996;669;99;5367;11792;227.83900451660156;0;81996;0,0
2636;Terrace of the Collectors, Bastion;-1837.6600341796875,-3781.419921875,6578.919921875;0,0;0,0;2222;81996;670;99;5367;11792;227.83900451660156;0;81996;0,0
2637;Summoned Steward, Bastion;-2971.010009765625,-4955.58984375,6707.93994140625;0,0;0,0;2222;81996;671;1251;5367;11792;227.83900451660156;0;81996;0,0
2639;Quest Path 8321: 9.0 Bastion - Treasure Max Level - Wisdom - Taxi - A to D - EJC;-1562.1800537109375,-4151.83984375,6700.740234375;0,0;0,0;2222;0;0;1024;0;4689;0;0;0;163012,163012
2640;Quest Path 8322: 9.0 Bastion - Treasure Max Level - Wisdom - Taxi - B to C - EJC;-1701.5,-4234.2001953125,6594.7998046875;0,0;0,0;2222;0;0;1024;0;4689;0;0;0;163012,163012
2641;Quest Path 8323: 9.0 Bastion - Treasure Max Level - Wisdom - Taxi - C to D - EJC;-1562.25,-4151.830078125,6700.740234375;0,0;0,0;2222;0;0;1024;0;4689;0;0;0;163012,163012
2642;Quest Path 8324: 9.0 Bastion - Treasure Max Level - Wisdom - Taxi - D to E - EJC;-1665.0999755859375,-3901.60009765625,6700.0400390625;0,0;0,0;2222;0;0;1024;0;4689;0;0;0;163012,163012
2643;Theater of Pain North, Maldraxxus;3008.02001953125,-2525.330078125,3310.169921875;0,0;0,0;2222;0;0;1024;0;4689;0;0;0;0,0
2644;Quest Path 8326: 9.0 Bastion - Treasure Max Level - Wisdom - Taxi - F to A - EJC;-1696.969970703125,-4136.990234375,6752.10009765625;0,0;0,0;2222;0;0;1024;0;4689;0;0;0;163012,163012
2645;Quest Path 8327: 9.0 Bastion - Treasure Max Level - Wisdom - Taxi - C to F - EJC;-1567.22998046875,-4208.91015625,6540.22998046875;0,0;0,0;2222;0;0;1024;0;4689;0;0;0;163012,163012
2646;Quest Path 8328: 9.0 Bastion - Max Level - Temple of Courage - Zipline -  Up (JAK);-3338.6298828125,-3821.75,6603.93994140625;0,0;0,0;2222;0;0;1024;0;4689;0;0;0;163012,163012
2647;Quest Path 8329: 9.0 Bastion - Max Level - Temple of Courage - Zipline -  Down (JAK);-3357.989990234375,-4030.570068359375,6565.169921875;0,0;0,0;2222;0;0;1024;0;4689;0;0;0;163012,163012
2648;Quest Path 8330: 9.0 Bastion - Max Level - Temple of Wisdom - Zipline -  Up (JAK);-1691.1099853515625,-4049.590087890625,6751.6298828125;0,0;0,0;2222;0;0;1024;0;4689;0;0;0;163012,163012
2649;Quest Path 8331: 9.0 Bastion - Max Level - Temple of Wisdom - Zipline - Down (JAK);-1707.2900390625,-4058.2900390625,6572.5400390625;0,0;0,0;2222;0;0;1024;0;4689;0;0;0;163012,163012
2650;Quest Path 8332: 9.0 Bastion - Max Level - Temple of Humility - Zipline -  Up (JAK);-2502.159912109375,-6207.6298828125,6789.7900390625;0,0;0,0;2222;0;0;1024;0;4689;0;0;0;163012,163012
2651;Quest Path 8333: 9.0 Bastion - Max Level - Temple of Humility - Zipline -  Down (JAK);-2654.97998046875,-6046.9501953125,6574.64013671875;0,0;0,0;2222;0;0;1024;0;4689;0;0;0;163012,163012
2652;Quest Path 8334: 9.0 Bastion - Treasure Max Level - Wisdom - Taxi - E to B - EJC;-1682.949951171875,-3915.669921875,6537.990234375;0,0;0,0;2222;0;0;1024;0;4689;0;0;0;163012,163012
2653;Quest Path 8336: 9.0 Bastion - Max Level - Temple of Loyalty - Zipline - Lower - Up (JAK);-1878.0400390625,-2949.300048828125,6594.4599609375;0,0;0,0;2222;0;0;1024;0;4689;0;0;0;163012,163012
2654;Quest Path 8337: 9.0 Bastion - Max Level - Temple of Loyalty - Zipline - Lower - Down (JAK);-1875.050048828125,-3053.580078125,6578.56005859375;0,0;0,0;2222;0;0;1024;0;4689;0;0;0;163012,163012
2655;Quest Path 8338: 9.0 Bastion - Max Level - Temple of Loyalty - Zipline - Upper - Up (JAK);-1880.4100341796875,-2739.06005859375,6747.7001953125;0,0;0,0;2222;0;0;1024;0;4689;0;0;0;163012,163012
2656;Quest Path 8339: 9.0 Bastion - Max Level - Temple of Loyalty - Zipline - Upper - Down (JAK);-1878.8499755859375,-2832.68994140625,6604.43994140625;0,0;0,0;2222;0;0;1024;0;4689;0;0;0;163012,163012
2657;Quest Path 8335: 9.0 Maw - Torghast - Floor 90 - Up;1858.72998046875,-9508.330078125,112.43599700927734;0,0;0,0;2162;0;0;1024;0;4689;0;0;0;171394,171394
2658;Quest Path 8340: 9.0 Maw - Torghast - Floor 90 - Down;1767.3599853515625,-9401.0595703125,51.68790054321289;0,0;0,0;2162;0;0;1024;0;4689;0;0;0;171394,171394
2659;Quest Path 8347: 9.0 Bastion - Treasure Max Level - Courage - Taxi - Return - EJC;-3338.56005859375,-3821.469970703125,6604.35986328125;0,0;0,0;2222;0;0;1024;0;4689;0;0;0;163012,163012
2660;Quest Path 8348: 9.0 Bastion - Treasure Max Level - Wisdom - Taxi - Return - EJC;-1697,-4136.97021484375,6752.080078125;0,0;0,0;2222;0;0;1024;0;4689;0;0;0;163012,163012
2661;Quest Path 8359: 9.0 Ardenweald - COV - Drust - Ch2 - Flight out of Darkreach - LWB;-7384.6298828125,1533.9599609375,5514.93017578125;0,0;0,0;2222;0;0;1024;0;4689;0;0;0;17972,17972
2662;Quest Path 8363: 9.0 Maldraxxus - House of Plagues - Pipeline Up - EJC;1571.530029296875,-3006.60009765625,3305.35009765625;0,0;0,0;2222;0;0;1024;0;4689;0;0;0;17972,17972
2663;Quest Path 8372: 9.0 Bastion - Path of Ascension - Capture - Devourer - Anima Gateway Taxi - GJC;-1206.239990234375,685.9439697265625,7251.1201171875;0,0;0,0;2375;0;0;1024;0;4689;0;0;0;163012,163012
2664;Quest Path 8374: 9.0 Maw - Outdoor - Ve'nari -> Planes of Torment;5326.6201171875,7251.509765625,4760.8701171875;0,0;0,0;2222;0;0;1024;0;4689;0;0;0;172953,172953
2665;Quest Path 8387: 9.0 Bastion - Teleport Pads -  Eternal Forge Suburbs -> Miri's Chapel - SBV;-1371.949951171875,-4861.93017578125,6744.2998046875;0,0;0,0;2222;0;0;1024;0;4689;0;0;0;163012,163012
2666;Quest Path 8388: 9.0 Bastion - Teleport Pads -  Miri's Chapel ->  Eternal Forge Suburbs - SBV;-1405.4100341796875,-4955.60009765625,6639.3798828125;0,0;0,0;2222;0;0;1024;0;4689;0;0;0;163012,163012
2670;Quest Path 8421: 9.0 Maw - Outdoor - Mawsworn Rifts - Zovaal's -> Calcis;4870.66015625,7698.8798828125,4832.06982421875;0,0;0,0;2222;0;0;1024;0;4689;0;0;0;174965,174965
2671;Quest Path 8422: 9.0 Maw - Outdoor - Mawsworn Rifts - Calcis -> Zovaal's;4531.56982421875,7226.169921875,4861.1201171875;0,0;0,0;2222;0;0;1024;0;4689;0;0;0;174965,174965
2672;Quest Path 8423: 9.0 Maw - Outdoor - Mawsworn Rifts - Crucible -> Tremaculum;5241.990234375,7620.27978515625,4777.02001953125;0,0;0,0;2222;0;0;1024;0;4689;0;0;0;174965,174965
2673;Quest Path 8424: 9.0 Maw - Outdoor - Mawsworn Rifts - Tremaculum -> Crucible;4412.64990234375,7872.1201171875,4928.58984375;0,0;0,0;2222;0;0;1024;0;4689;0;0;0;174965,174965
2674;Quest Path 8375: 9.0 Maw - Outdoor - Ve'nari -> Beastwarrens;3976.5400390625,6455.240234375,4810.06005859375;0,0;0,0;2222;0;0;1024;0;4689;0;0;0;172953,172953
2675;Quest Path 8425: 9.0 Bastion - Treasure - Out of Bounds Teleporter - 01 - SBV;-2841.469970703125,-4840.1298828125,6531.43017578125;0,0;0,0;2222;0;0;1024;0;4689;0;0;0;163012,163012
2676;Quest Path 8426: 9.0 Bastion - Treasure - Out of Bounds Teleporter - 02 - SBV;-4930.669921875,-5332.64990234375,6496.43994140625;0,0;0,0;2222;0;0;1024;0;4689;0;0;0;163012,163012
2677;Quest Path 8427: 9.0 Bastion - Treasure - Out of Bounds Teleporter - 03 - SBV;-3395.429931640625,-5449.77978515625,6497.509765625;0,0;0,0;2222;0;0;1024;0;4689;0;0;0;163012,163012
2678;Quest Path 8428: 9.0 Bastion - Treasure - Out of Bounds Teleporter - 04 - SBV;-2228.280029296875,-5700.02001953125,6622.16015625;0,0;0,0;2222;0;0;1024;0;4689;0;0;0;163012,163012
2680;Terrace of the Collectors, Bastion;-1803.760009765625,-3804.840087890625,6579.18994140625;0,0;0,0;2222;0;628;3;0;4689;0;0;0;159123,159123
2681;Quest Path 8460: 9.0 Bastion - Cloudwalker Coffer - Zipline - To Memorial Shrine (MAH);-1630.699951171875,-5222.68017578125,6546.08984375;0,0;0,0;2222;0;0;1024;0;4689;0;0;0;163012,163012
2682;Elysian Beacon, Bastion;-1919.25,-5533.35986328125,6723.7998046875;0,0;0,0;2222;0;672;227;5367;11792;310.40399169921875;0;5703;0,0
2683;Quest Path 8472: 9.0 Bastion - Covenant Hall - Flight to Sanctum - Amphitheater -> Covenant Hall - GJC;-1763.949951171875,-5731.10009765625,6823.56982421875;0,0;0,0;2222;0;0;1024;0;4689;0;0;0;159123,159123
2684;Quest Path 8473: 9.0 Bastion - Covenant Hall - Flight to Sanctum - Sanctum -> Amphitheater - GJC;-2155.199951171875,-5333.47998046875,6541.68994140625;0,0;0,0;2222;0;0;1024;0;4689;0;0;0;159123,159123
2685;Quest Path 8474: 9.0 Bastion - Covenant Hall - Flight to Sanctum - Fate's Precipice -> Sanctum - GJC;-1536.75,-5553.85009765625,6855.41015625;0,0;0,0;2222;0;0;1024;0;4689;0;0;0;159123,159123
2686;Quest Path 8475: 9.0 Bastion - Covenant Hall - Flight to Sanctum - Sanctum -> Fate's Precipice - GJC;-1385.4100341796875,-5340.5498046875,6683.0400390625;0,0;0,0;2222;0;0;1024;0;4689;0;0;0;159123,159123
2687;Quest Path 8476: 9.0 Bastion - Covenant Hall - Flight to Sanctum - Humility Terrace -> Sanctum - GJC;-1892.280029296875,-5924.669921875,6855.41015625;0,0;0,0;2222;0;0;1024;0;4689;0;0;0;159123,159123
2688;Quest Path 8477: 9.0 Bastion - Covenant Hall - Flight to Sanctum - Sanctum -> Humility Terrace - GJC;-2082.77001953125,-5934.2001953125,6692.4599609375;0,0;0,0;2222;0;0;1024;0;4689;0;0;0;159123,159123
2690;Quest Path 8500: 9.0.5 Maw - Hidden Object - Shadehound Mount - Perdition Upper to Zovaals - LJS;4532.52978515625,7226.16015625,4863.830078125;0,0;0,0;2222;0;0;1024;0;4689;0;0;0;174965,174965
2691;Quest Path 8507: 9.1 Campaign- Ch 06 - House of Rituals - Surface -> Exoramas - KRB;3395,-4014,3577;0,0;0,0;0;0;0;1024;0;4689;0;0;0;177789,177789
2692;Quest Path 8508: 9.1 Campaign- Ch 06 - House of Rituals - Exoramas -> Surface - KRB;3394,-4053,3489;0,0;0,0;0;0;0;1024;0;4689;0;0;0;177789,177789
2693;Seamless Proto, Revendreth;615.4739990234375,-450.8210144042969,123.94999694824219;0,0;0,0;1550;0;673;1024;0;4689;0;0;0;164767,164767
2694;Seamless Proto, Boralus;757.260009765625,-268.5589904785156,87.79630279541016;0,0;0,0;1549;0;674;1024;0;4689;0;0;0;164767,164767
2698;Keeper's Respite;3270.72998046875,5739.16015625,4939.33984375;0,0;0,0;2222;90243;675;43;0;4689;340.4079895019531;0;0;172953,172953
2699;Tazavesh Outdoor;-6084.9501953125,4824.27978515625,4790.759765625;0,0;0,0;2222;0;676;1024;0;4689;330;0;0;0,0
2700;Ve'nari's Refuge;4535.1298828125,6706.66015625,4830.240234375;0,0;0,0;2222;90243;677;43;0;4689;16.671600341796875;0;0;172953,172953
2703;Tazavesh, the Veiled Market;-5895.64013671875,4810.740234375,4789.990234375;0,0;0,0;2222;92289;639;11;0;4689;0;0;92289;164767,164767
2708;Quest Path 8614: 9.0 Maw - Outdoor - Ve'nari -> Perdition Hold;4166,7261.8798828125,4827.39990234375;0,0;0,0;2222;0;0;1024;0;4689;0;0;0;172953,172953
2709;Quest Path 8615: 9.0 Maw - Outdoor - Ve'nari -> Desmotaeron;4717.419921875,5815.08984375,4883.5400390625;0,0;0,0;2222;0;0;1024;0;4689;0;0;0;172953,172953
2710;Quest Path 8616: 9.0 Maw - Outdoor - Mawsworn Rifts - Desmotaeron -> Perdition Hold;4165.75,7262.10009765625,4827.39990234375;0,0;0,0;2222;0;0;1024;0;4689;0;0;0;174965,174965
2711;Quest Path 8617: 9.0 Maw - Outdoor - Mawsworn Rifts - Perdition Hold -> Desmotaeron ;4715.8798828125,5819.5,4883.97021484375;0,0;0,0;2222;0;0;1024;0;4689;0;0;0;174965,174965
2712;Immortal Hearth;-3830.199951171875,-2399.02001953125,110.98100280761719;0,0;0,0;2481;0;680;1027;5411;13367;0;0;0;183977,183977
2713;Genesis Cradle Alpha;-3372.10009765625,-2789.449951171875,114.95800018310547;0,0;0,0;2481;0;681;1027;5411;13367;0;0;0;183977,183977
2714;Genesis Cradle Beta;-2831.81005859375,-3323.8701171875,88.84439849853516;0,0;0,0;2481;0;682;1027;5411;13367;0;0;0;183977,183977
2715;Ephemeral Plains Alpha;-4227.9501953125,-2862.1201171875,-160.3719940185547;0,0;0,0;2481;0;683;1027;5411;13367;0;0;0;183977,183977
2716;Ephemeral Plains Omega;-4395.1201171875,-3877.60009765625,-229.76400756835938;0,0;0,0;2481;0;684;1027;5411;13367;0;0;0;183977,183977
2717;Quest Path 8628: 10.0 - Pre-Prod - Krav'rel to Azure Archives - (STM);-5352.2900390625,1407.969970703125,776.5399780273438;0,0;0,0;0;0;0;1024;0;4689;0;0;0;134687,134687
2718;Quest Path 8629: 10.0 - Pre-Prod: Azure Archives to Kirin Tor Hub - (STM);-3832.239990234375,502.0710144042969,648.2659912109375;0,0;0,0;0;0;0;1024;0;4689;0;0;0;134687,134687
2719;Quest Path 8630: 10.0 - Pre-Prod - Bombing Run - (STM);-2787.820068359375,-1257.5899658203125,935.3690185546875;0,0;0,0;0;0;0;1024;0;4689;0;0;0;153047,153047
2720;Quest Path 8631: 10.0 - Pre-Prod - Kalthraz Fortress to Azure Archives - (STM);-5635.16015625,1168.6400146484375,794.02001953125;0,0;0,0;0;0;0;1024;0;4689;0;0;0;153047,153047
2722;Quest Path 8635: 10.0 Pre-Prod - Grasslands - Dragonsmeet to Emerald Gardens (JLW);-1525.760009765625,4634.47021484375,155.06700134277344;0,0;0,0;2444;0;0;1024;0;4689;0;0;0;32562,32562
2724;Haven, Zereth Mortis;-4212.990234375,684.6480102539062,-41.50310134887695;0,0;0,0;2374;0;685;3;5411;13368;78;0;95860;183977,183977
2725;Faith's Repose, Zereth Mortis;-3540.510009765625,679.7050170898438,-44.922000885009766;0,0;0,0;2374;0;686;3;5411;13368;252;0;95860;183977,183977
2728;Pilgrim's Grace, Zereth Mortis;-3730.97998046875,-595.010009765625,-7.68064022064209;0,0;0,0;2374;0;687;3;5411;13368;0;0;95860;183977,183977
2729;Gravid Repose Locus;-3214.419921875,-13.074700355529785,-81.7166976928711;0,0;0,0;2374;94907;688;483;5427;13842;271;34450;0;0,0
2730;Interior Locus;-3204.39990234375,52.590301513671875,-81.52359771728516;0,0;0,0;2374;94906;690;483;5427;13842;60;94887;0;0,0
2731;Domination's Grasp;-3824.989990234375,-2609.52001953125,78.7594985961914;0,0;0,0;2481;135470;689;1027;5411;13367;0;0;0;183977,183977
2732;[HIDDEN] - 9.2 Resonant Peaks - Teleport Network - Hidden Hub (Connects all Nodes to each other without unique paths) (MAH/JDA);-3231.139892578125,-1.8593800067901611,-81.36319732666016;0,0;0,0;2374;0;691;1216;0;11792;0;0;0;163012,163012
2733;Zovaal's Grasp, Zereth Mortis;-2813.669921875,174.406005859375,-130.9949951171875;0,0;0,0;2374;0;693;35;5411;13368;0;0;0;183977,183977
2734;Antecedent Isle, Zereth Mortis;-2489.429931640625,99.73259735107422,-86.34929656982422;0,0;0,0;2374;0;692;35;5411;13368;0;0;0;183977,183977
2736;Sepulcher Overlook, Zereth Mortis;-3834.800048828125,-751.0330200195312,28.424100875854492;0,0;0,0;2374;94751;711;35;5411;13368;0;0;0;183977,183977
2737;Sepulcher Of The First Ones, Zereth Mortis;-3829.580078125,-1170.969970703125,42.790000915527344;0,0;0,0;2374;0;697;35;5411;13368;0;0;0;183977,183977
2738;Ultimus Locus;-3101.14990234375,26.171899795532227,105.0260009765625;0,0;0,0;2374;94912;695;483;5427;13842;153;94887;0;0,0
2739;Rebuff Lookout, The Waking Shores;2348.889892578125,-1394.949951171875,375.2539978027344;0,0;0,0;2444;94824;694;227;5367;11792;41;0;94824;0,0
2740;10.0 Construction - Teleport Network - Hidden Hub (Connects all Nodes to each other without unique paths) (JDA);0,0,0;0,0;0,0;2444;0;713;1216;0;11792;0;0;0;163012,163012
2741;Skytop Lookout (QD), The Waking Shores;3094.989990234375,86.55729675292969,281.9729919433594;0,0;0,0;2444;94823;696;227;5367;11792;106;0;94823;0,0
2742;Quintus Locus;-3145.449951171875,-63.944400787353516,55.37689971923828;0,0;0,0;2374;94909;698;483;5427;13842;153;94887;0;0,0
2743;Quartus Locus;-3048.10009765625,45.552101135253906,17.775699615478516;0,0;0,0;2374;94908;699;483;5427;13842;0;94887;0;0,0
2744;Tertius Locus;-2965.27001953125,-123.46499633789062,-13.83549976348877;0,0;0,0;2374;94911;700;483;5427;13842;0;94887;0;0,0
2745;Secundus Locus;-2992.469970703125,82.24649810791016,-4.472479820251465;0,0;0,0;2374;94910;701;483;5427;13842;0;94887;0;0,0
2746;Primus Locus;-2939.6298828125,44.517398834228516,-51.114898681640625;0,0;0,0;2374;94886;702;483;5427;13842;0;94887;95502;0,0
2747;Camber Alcove;-3311.010009765625,36.118099212646484,-88.09400177001953;0,0;0,0;2374;94914;703;483;5427;13842;0;94887;0;0,0
2748;Repertory Alcove;-3286.360107421875,80.84549713134766,-87.22160339355469;0,0;0,0;2374;94915;704;483;5427;13842;0;94887;0;0,0
2749;Rondure Alcove;-3380.93994140625,318.8450012207031,-226.95599365234375;0,0;0,0;2374;94916;705;483;5427;13842;0;94887;0;0,0
2750;Dormant Alcove;-3299.9599609375,250.343994140625,-232.2100067138672;0,0;0,0;2374;94917;706;483;5427;13842;0;94887;0;0,0
2751;Fulgor Alcove;-3374.47998046875,112.9530029296875,-199.30599975585938;0,0;0,0;2374;94918;707;483;5427;13842;0;94887;0;0,0
2752;Ruby Lifeshrine, The Waking Shores;1530,-393,334;0,0;0,0;2444;0;708;227;5367;11792;93;0;0;0,0
2754;Arcae Locus;-3195.030029296875,71.72049713134766,-81.52279663085938;0,0;0,0;2374;94919;709;227;5427;13842;0;0;0;0,0
2757;Genesis Cradle Omega;-2231.860107421875,-3876.5,65.01950073242188;0,0;0,0;2481;0;710;1027;5411;13367;0;0;0;183977,183977
2773;Azure Archives, Azure Span;-5341.56982421875,1454.6199951171875,777.3569946289062;0,0;0,0;2444;0;716;3;0;4689;0;0;0;197880,197880
2774;Camp Antonidas, Azure Span;-3800.9599609375,404.45098876953125,659.1099853515625;0,0;0,0;2444;0;717;3;0;4689;0;0;0;197880,197880
2775;Iskaara, Azure Span;-4471.60009765625,4051.169921875,6.607769966125488;0,0;0,0;2444;0;718;3;0;4689;0;0;0;192936,192936
2782;Quest Path 8851: 10.0 Plains - Emerald Hub - Taxi Down to Portal Grove (RMV);-1116.6600341796875,5148.18017578125,20.220500946044922;0,0;0,0;2444;0;0;1024;0;4689;0;0;0;190808,190808
2783;Quest Path 8852: 10.0 Plains - Emerald Hub - Taxi Up to Shady Snctuary (RMV);-1425.5899658203125,4602.8701171875,136.92799377441406;0,0;0,0;2444;0;0;1024;0;4689;0;0;0;190808,190808
2784;Camp Nowhere, Azure Span;-5185.14013671875,-1414.030029296875,529.3460083007812;0,0;0,0;2444;0;722;3;0;4689;0;0;0;69067,69067
2786;Rhonin's Shield, Azure Span;-2771.06005859375,-1691.8299560546875,967.4320068359375;0,0;0,0;2444;0;723;3;0;4689;0;0;0;69067,69067
2787;Cobalt Assembly, Azure Span;-2575.580078125,145.8159942626953,859.5059814453125;0,0;0,0;2444;0;724;3;0;4689;0;0;0;197880,197880
2788;Theron's Watch, Azure Span;-2114.68994140625,-1620.6400146484375,972.81298828125;0,0;0,0;2444;0;725;3;0;4689;0;0;0;192874,192874
2789;Three-Falls Lookout, Azure Span;-2646.1298828125,3410.31005859375,448.6050109863281;0,0;0,0;2444;0;743;3;0;4689;0;0;0;69067,69067
2790;Timberstep Outpost, Ohn'ahran Plains;204.83900451660156,365.97698974609375,344.2120056152344;0,0;0,0;2444;0;726;3;0;4689;0;0;0;192807,192807
2792;Maruukai, Ohn'ahran Plains;-706.4760131835938,2048.89990234375,480.3710021972656;0,0;0,0;2444;0;727;3;0;4689;0;0;0;192807,192807
2793;Forkriver Crossing, Ohn'ahran Plains;-2578.260009765625,1392.6099853515625,556.3599853515625;0,0;0,0;2444;0;728;3;0;4689;0;0;0;192807,192807
2794;Teerakai, Ohn'ahran Plains;-1671.1700439453125,3788.550048828125,487.02301025390625;0,0;0,0;2444;0;729;3;0;4689;0;0;0;192807,192807
2795;Broadhoof Outpost, Ohn'ahran Plains;-666.6580200195312,3296.989990234375,404.32598876953125;0,0;0,0;2444;0;731;3;0;4689;0;0;0;192807,192807
2796;Shady Sanctuary, Ohn'ahran Plains;-1493.5,4564.60986328125,159.78799438476562;0,0;0,0;2444;0;730;3;0;4689;0;0;0;196282,196282
2797;Emberwatch, Ohn'ahran Plains;147.8560028076172,1759.9200439453125,371.59600830078125;0,0;0,0;2444;0;732;3;0;4689;0;0;0;192874,192874
2798;Pinewood Post, Ohn'ahran Plains;-1504.530029296875,727.177001953125,530.739013671875;0,0;0,0;2444;0;742;3;0;4689;0;0;0;192807,192807
2799;Rusza'thar Reach, Ohn'ahran Plains;-444.3370056152344,407.7760009765625,517.0960083007812;0,0;0,0;2444;0;714;3;0;4689;0;0;0;196282,196282
2800;Uktulut Outpost, The Waking Shores;652.89599609375,3258.60009765625,1.9366999864578247;0,0;0,0;2444;0;733;3;0;4689;0;0;0;192936,192936
2801;Apex Observatory, The Waking Shores;949.5170288085938,2758.06005859375,203.59300231933594;0,0;0,0;2444;0;734;3;0;4689;0;0;0;192940,192940
2802;Obsidian Throne, The Waking Shores;2337.280029296875,2635.610107421875,383.8500061035156;0,0;0,0;2444;0;738;3;0;4689;0;0;0;192940,192940
2803;Uktulut Pier, The Waking Shores;3908.179931640625,997.2919921875,14.505800247192383;0,0;0,0;2444;0;739;3;0;4689;0;0;0;192936,192936
2804;Uktulut Backwater, The Waking Shores;3407.949951171875,322.6419982910156,19.277700424194336;0,0;0,0;2444;0;753;3;0;4689;0;0;103670;192936,192936
2805;Wingrest Embassy, The Waking Shores;3508.340087890625,-1411.1700439453125,93.50389862060547;0,0;0,0;2444;0;740;3;0;4689;0;0;0;192874,192874
2806;Life Vault Ruins, The Waking Shores;2321.31005859375,-533.6530151367188,54.45119857788086;0,0;0,0;2444;0;737;3;0;4689;0;0;0;192874,192874
2807;Ruby Life Pools, The Waking Shores;1753.25,42.125,312.4530029296875;0,0;0,0;2444;0;736;3;0;4689;0;0;0;192940,192940
2808;Obsidian Bulwark, The Waking Shores;1847.219970703125,1283.489990234375,188.37899780273438;0,0;0,0;2444;0;741;3;0;4689;0;0;0;192940,192940
2809;Dragonscale Basecamp, The Waking Shores;939.7919921875,832.4149780273438,129.83099365234375;0,0;0,0;2444;0;735;3;0;4689;0;0;0;69067,69067
2810;Valdrakken, Thaldraszus;-10.029500007629395,-844.1859741210938,838.0659790039062;0,0;0,0;2444;0;745;3;0;4689;0;0;0;192940,192940
2811;Gelikyr Post, Thaldraszus;-317.99798583984375,-2055.989990234375,942.4569702148438;0,0;0,0;2444;0;748;3;0;4689;0;0;0;192940,192940
2812;Temporal Conflux, Thaldraszus;-1287.8299560546875,-2946.320068359375,1174.449951171875;0,0;0,0;2444;0;721;3;0;4689;0;0;0;197879,197879
2813;Algeth'era, Thaldraszus;1378.719970703125,-1893.489990234375,536.4580078125;0,0;0,0;2444;0;747;3;0;4689;0;0;0;197880,197880
2814;Veiled Ossuary, Thaldraszus;2929.669921875,-3170.860107421875,338.55999755859375;0,0;0,0;2444;0;749;3;0;4689;0;0;0;192940,192940
2815;Garden Shrine, Thaldraszus;-1118.8599853515625,-485.1340026855469,1011.0700073242188;0,0;0,0;2444;0;751;3;0;4689;0;0;0;196282,196282
2816;Shifting Sands, Thaldraszus;-1125.4200439453125,-2708.840087890625,1039.31005859375;0,0;0,0;2444;0;750;3;0;4689;0;0;0;197879,197879
2817;Skytop Observatory, The Waking Shores;2610.1201171875,-1153.97998046875,322.3710021972656;0,0;0,0;2444;0;744;3;0;4689;0;0;0;192940,192940
2818;Vault of the Incarnates, Thaldraszus;394.64898681640625,-4186.89013671875,1555.18994140625;0,0;0,0;2444;0;746;3;0;4689;0;0;0;197879,197879
2820;Quest Path 9123: 10.0 Plains - Merithra's Watch - Taxi Down to Shady Sanctuary (RMV);-1427.719970703125,4599.7099609375,136.92799377441406;0,0;0,0;2444;0;0;1024;0;4689;0;0;0;190808,190808
2821;Quest Path 9124: 10.0 Plains - Emerald Hub - Taxi Up to Merithra's Watch (RMV);-1625.43994140625,4586.669921875,286.7749938964844;0,0;0,0;2444;0;0;1024;0;4689;0;0;0;190808,190808
2822;Quest Path 9125: 10.0 Plains - Emerald Hub - Taxi to Lunedane (RMV);-2685.56005859375,5269.2900390625,110.947998046875;0,0;0,0;2444;0;0;1024;0;4689;0;0;0;190808,190808
2823;Quest Path 9126: 10.0 Plains - Lunedane - Taxi to Shady Sanctuary (RMV);-1424.3599853515625,4603.240234375,136.92799377441406;0,0;0,0;2444;0;0;1024;0;4689;0;0;0;190808,190808
2824;Quest Path 9147: 10.0 Plains - Emerald Hub - Taxi to Lunedane - PERSONAL (RMV);-2400.159912109375,5153.22021484375,123.64299774169922;0,0;0,0;2444;0;0;1024;0;4689;0;0;0;190808,190808
2825;Ohn'iri Springs, Ohn'ahran Plains;-2444.6201171875,2524.699951171875,623.8610229492188;0,0;0,0;2444;0;754;3;0;4689;0;0;0;192807,192807
2834;Eon's Fringe, Thaldraszus;-1094.8599853515625,-2180.93994140625,1274.0400390625;0,0;0,0;2444;101187;760;99;5486;16849;323.54998779296875;0;101187;0,0
2835;[Hidden] 10.0 Travel Network - Destination Input;942.0360107421875,745.9600219726562,132.93699645996094;0,0;0,0;2444;0;0;1024;0;16849;0;0;0;163012,163012
2836;Algeth'era, Thaldraszus;1474.699951171875,-3201.7900390625,1289.8800048828125;0,0;0,0;2444;101188;759;99;5486;16849;91.5469970703125;0;101188;0,0
2837;Vakthros, Azure Span;-3162.35009765625,-2953.3798828125,1545.8900146484375;0,0;0,0;2444;102529;757;99;5486;16849;63.27090072631836;0;102529;0,0
2838;Cobalt Assembly, Azure Span;-3116.159912109375,230.26300048828125,1090.22998046875;0,0;0,0;2444;101191;755;99;5486;16849;343.2550048828125;0;101191;0,0
2839;Rusza'thar Reach, Ohn'ahran Plains;-546.6400146484375,662.3099975585938,523.791015625;0,0;0,0;2444;101195;758;99;5486;16849;304.6050109863281;0;101195;0,0
2840;Shady Sanctuary, Ohn'ahran Plains;-1379.760009765625,4499.68994140625,138.50900268554688;0,0;0,0;2444;101196;715;99;5486;16849;169.10899353027344;0;101196;0,0
2841;Skytop Observatory, The Waking Shores;2339.43994140625,-1351.97998046875,586.0830078125;0,0;0,0;2444;102521;761;99;5486;16849;136.22300720214844;0;102521;0,0
2842;Rubyscale Outpost, The Waking Shores;568.2230224609375,882.8380126953125,279.1780090332031;0,0;0,0;2444;101198;756;99;5486;16849;358.114990234375;0;101198;0,0
2843;[Hidden] 10.0 Travel Network - Destination Output;941.3040161132812,746.0260009765625,133.05299377441406;0,0;0,0;2444;0;0;1024;0;16849;0;0;0;163012,163012
2847;Maruukai, The Nokhud Offensive;-704.6719970703125,2047.510009765625,480.2409973144531;0,0;0,0;2516;0;719;1027;0;4689;0;0;0;192807,192807
2848;The Nokhud Approach, The Nokhud Offensive;-663.9979858398438,3296.3798828125,404.3280029296875;0,0;0,0;2516;0;720;1027;0;4689;0;0;0;192807,192807
2849;The Battle of Spears, The Nokhud Offensive;-1019.8099975585938,1268.8499755859375,402.0260009765625;0,0;0,0;2516;0;762;1027;0;4689;0;0;0;192807,192807
2850;Teerakai, The Nokhud Offensive;-1671.030029296875,3790.139892578125,487.0270080566406;0,0;0,0;2516;0;764;1027;0;4689;0;0;0;192807,192807
2851;Ohn'iri Springs, The Nokhud Offensive;-2445.669921875,2528.070068359375,624.072021484375;0,0;0,0;2516;0;763;1027;0;4689;0;0;0;192807,192807
2855;Morqut Village, The Forbidden Reach;6407.7099609375,-2560.27001953125,13.5108003616333;0,0;0,0;2444;0;765;3;0;4689;0;0;0;192936,192936
2856;Quest Path 9315: 10.0.7 Forbidden Reach - War Creche - Taxi - Go Up - EJC;6014.91015625,-3093.909912109375,200.23399353027344;0,0;0,0;2444;0;0;1024;0;4689;0;0;0;201432,201432
2857;Quest Path 9316: 10.0.7 Forbidden Reach - War Creche - Taxi - Go Down - EJC;6047.64013671875,-3071.47998046875,155.0229949951172;0,0;0,0;2444;0;0;1024;0;4689;0;0;0;201432,201432
2860;10.1 UG - Campaign - Ch6 - Aberrus Upper Platform (SMART);2853.6201171875,2691.18994140625,746.7730102539062;0,0;0,0;2600;0;766;1027;0;4689;0;0;0;192940,192940
2862;Morqut Islet, Forbidden Reach;6308.240234375,-2255.780029296875,277.1449890136719;0,0;0,0;2444;107640;767;99;5486;16849;279;0;107640;0,0
2863;Loamm, Zaralek Cavern;-324.572998046875,2032.030029296875,-64.99909973144531;0,0;0,0;2454;0;768;3;0;4689;260.3630065917969;0;0;205387,205387
2864;Obsidian Rest, Zaralek Cavern;1061.219970703125,2355.43994140625,-177.0919952392578;0,0;0,0;2454;0;769;3;0;4689;87.52510070800781;0;0;203651,203651
2865;Dragonscale Camp, Zaralek Cavern;-959.2990112304688,3140.22998046875,50.34280014038086;0,0;0,0;2454;0;770;3;0;4689;336.82501220703125;0;0;69067,69067
2866;Cascades Canyon, Ohn'ahran Plains;-61.49829864501953,45.75870132446289,187.76400756835938;0,0;0,0;2444;0;0;1667;5530;4689;94.32039642333984;0;0;192940,192940
2867;The Throughway, Zaralek Cavern;-68.65969848632812,757.781005859375,82.0801010131836;0,0;0,0;2454;0;0;1667;5527;4689;273.1449890136719;0;0;205387,205387
2874;Old Loamm Road, Ohn'ahran Plains;-1593.97998046875,4136.10986328125,391.3890075683594;0,0;0,0;2444;0;0;1667;5530;4689;94.32039642333984;0;0;192807,192807
2875;Old Loamm Road, Zaralek Cavern;-1549.8399658203125,3535.550048828125,220.88699340820312;0,0;0,0;2454;0;0;1667;5527;4689;273.1449890136719;0;0;69067,69067
2876;Lookout Breach, Zaralek Cavern;-2068.419921875,3454.7099609375,279.7749938964844;0,0;0,0;2454;0;0;1667;5527;4689;273.1449890136719;0;0;69067,69067
2877;Lookout Breach, Azure Span;-2598.360107421875,3435.72998046875,452.8789978027344;0,0;0,0;2444;0;0;1667;5527;4689;273.1449890136719;0;0;69067,69067
2882;Weaver's Lair, Azj-Kahet;-593.3499755859375,-1446.6400146484375,-1086.4200439453125;0,0;0,0;2601;0;772;3;0;4689;0;0;0;207469,207469
2887;Quest Path 9429: 10.1.7 Heritage - Night Elf - Player Up to the Start of Shadow Hold, Lower Floor (MPK);4901.89013671875,-395.2699890136719,351.0299987792969;0,0;0,0;1;0;0;1024;0;4689;0;0;0;201432,201432
2889;Wildcamp Or'lay, Azj-Kahet;-796.0430297851562,876.1439819335938,-950.1710205078125;0,0;0,0;2601;0;775;3;0;4689;0;0;0;218328,218328
2892;Quest Path 9443: 10.1.7 Heritage - Night Elf - Player Up to the Start of Shadow Hold, Hel'nurath's Room (MPK);4857.6201171875,-385.4049987792969,350.2030029296875;0,0;0,0;1;0;0;1024;0;4689;0;0;0;201432,201432
2893;The Burrows, Azj-Kahet;-2149.56005859375,-975.3300170898438,-1325.1600341796875;0,0;0,0;2601;0;776;3;0;4689;0;0;0;207469,207469
2902;Central Encampment, The Emerald Dream;-1716.3499755859375,7074.14013671875,198.0800018310547;0,0;0,0;2548;0;778;3;0;4689;0;0;0;74410,74410
2903;Verdant Landing, The Emerald Dream;-1328.3800048828125,5746.0498046875,45.04209899902344;0,0;0,0;2548;0;779;3;0;4689;0;0;0;196282,196282
2904;Eye of Ysera, The Emerald Dream;-81.62149810791016,6754.06982421875,132.9709930419922;0,0;0,0;2548;0;780;3;0;4689;0;0;0;196282,196282
2905;Wellspring Overlook, The Emerald Dream;-282.9830017089844,8216.580078125,100.75;0,0;0,0;2548;0;781;3;0;4689;0;0;0;196282,196282
2915;Bel'ameth, Amirdrassil;-1715.969970703125,7073.85009765625,198.11399841308594;0,0;0,0;2444;0;782;3;0;4689;0;0;0;74410,74410
2919;Wildcamp Ul'ar, Azj-Kahet;-1544.4200439453125,-590.8040161132812,-1354.3599853515625;0,0;0,0;2601;0;783;3;0;4689;0;0;0;218328,218328
2920;Faerin's Advance, Azj-Kahet;689.8469848632812,-1651.4599609375,-979.4710083007812;0,0;0,0;2601;0;784;3;0;4689;0;0;0;218328,218328
2921;Mmarl, Azj-Kahet;-1406.260009765625,-2817.0400390625,-1181.0400390625;0,0;0,0;2601;0;785;3;0;4689;0;0;0;205387,205387
2922;Dunelle's Kindness, Hallowfall;2471.550048828125,-1204.8800048828125,-53.0359001159668;0,0;0,0;2601;0;803;3;0;4689;0;0;0;218328,218328
2923;Lightspark, Hallowfall;1552.8399658203125,10.934000015258789,-49.37860107421875;0,0;0,0;2601;0;804;3;0;4689;0;0;0;218328,218328
2924;Light's Redoubt, Hallowfall;998.5380249023438,1040.239990234375,45.03089904785156;0,0;0,0;2601;0;796;3;0;4689;0;0;0;218328,218328
2925;Opportunity Point, The Ringing Deeps;72.31600189208984,-4018.75,128.843994140625;0,0;0,0;2601;0;808;3;0;4689;0;0;0;224376,224376
2926;Camp Murroch, The Ringing Deeps;748.1279907226562,-3548.260009765625,175.13600158691406;0,0;0,0;2601;0;809;3;0;4689;0;0;0;224376,224376
2928;Dornogal, Isle of Dorn;2585.43994140625,-2473.320068359375,228.69900512695312;0,0;0,0;2552;0;786;3;0;4689;0;0;0;224376,224376
2929;Freywold Village, Isle of Dorn;985.4600219726562,-1847.6300048828125,92.2957992553711;0,0;0,0;2552;0;787;3;0;4689;0;0;0;224376,224376
2931;Durgaz Cabin, Isle of Dorn;2673.659912109375,-4099.72998046875,86.27510070800781;0,0;0,0;2552;0;788;3;0;4689;0;0;0;224376,224376
2932;Rambleshire, Isle of Dorn;3517.6201171875,-3394.800048828125,189.27200317382812;0,0;0,0;2552;0;789;3;0;4689;0;0;0;224376,224376
2933;Grand Rampart;-2843.1201171875,-396.56298828125,-1160.18994140625;0,0;0,0;2657;125542;790;1027;0;4689;0;0;0;207469,207469
2934;The Pulsing Pit;-2962.43994140625,-334.1629943847656,-1489.219970703125;0,0;0,0;2657;125544;793;1027;0;4689;0;0;0;207469,207469
2935;Terrace of Majesty;-3529.840087890625,-379.0710144042969,-1078.8399658203125;0,0;0,0;2657;125541;791;1031;0;4689;0;0;0;207469,207469
2936;The Swaying Span (One-way);-3006.110107421875,-110.16100311279297,-1136.989990234375;0,0;0,0;2657;125583;813;1187;0;4689;0;0;0;207469,207469
2937;The Narthex;-3264.02001953125,103.30899810791016,-1096.0899658203125;0,0;0,0;2657;125543;792;1027;0;4689;0;0;0;207469,207469
2941;Mereldar, Hallowfall;2035.1400146484375,953.6810302734375,218.93899536132812;0,0;0,0;2601;0;797;3;0;4689;0;0;0;218328,218328
2942;Priory of the Sacred Flame, Hallowfall;3074.3798828125,988.0449829101562,516.010009765625;0,0;0,0;2601;0;805;7;0;4689;0;0;0;218328,218328
2943;Lorel's Crossing, Hallowfall;2689.72998046875,385.1910095214844,62.36149978637695;0,0;0,0;2601;0;798;3;0;4689;0;0;0;218328,218328
2944;Hillhelm Family Farm, Hallowfall;3235.260009765625,-692.1939697265625,8.136429786682129;0,0;0,0;2601;0;799;3;0;4689;0;0;0;218328,218328
2950;The Aegis Wall, Hallowfall;1815.489990234375,-1522.8900146484375,-140.91700744628906;0,0;0,0;2601;0;795;7;0;4689;0;0;0;218328,218328
2955;Quest Path 9706: 11.0 Z2 - Max Level - CH3 - Q2 - Pipe Ingress 1 Taxi (SMART);134.1060028076172,-3557.550048828125,208.79800415039062;0,0;0,0;2601;0;0;0;0;4689;0;0;0;17972,17972
2962;Gundargaz, The Ringing Deeps;2224.320068359375,-2735.7900390625,427.2300109863281;0,0;0,0;2601;0;807;3;0;4689;0;0;0;224376,224376
2963;Shadowvein Point, The Ringing Deeps;1529.300048828125,-3782.610107421875,259.3800048828125;0,0;0,0;2601;0;810;3;0;4689;0;0;0;224376,224376
2964;Quest Path 9786: 11.0 Z2 - Campaign - Ch 3 - Dark Iron From Above - Boss Flyover - (LWB);3090.8701171875,-2928.22998046875,409.9960021972656;0,0;0,0;2601;0;0;0;0;4689;0;0;0;139612,139612
2967;Quest Path 9870: 11.0 Raid - Nerubian - Zone - Thread Elevator - 04 Taxi Path 01 - TJS;-3464.89990234375,-148.83999633789062,-1322.199951171875;0,0;0,0;2657;0;0;0;0;4689;0;0;0;21355,21355
2970;Tranquil Strand, Isle of Dorn;1820.68994140625,-879.718994140625,50.22919845581055;0,0;0,0;2552;126141;811;1027;0;4689;0;0;126141;227029,227029
2971;The Pulsing Pit (One-way);-2917.050048828125,-251.26699829101562,-1488.6300048828125;0,0;0,0;2657;125585;812;1187;0;4689;0;0;0;207469,207469
2972;Entrance Gate, Razorwind Shores;2011.72998046875,128.7729949951172,189.44500732421875;0,0;0,0;2736;0;814;3;0;4689;0;0;0;69066,69066
2973;Saltfang Shoals East, Razorwind Shores;902.1489868164062,-775.4149780273438,16.836000442504883;0,0;0,0;2736;0;815;3;0;4689;0;0;0;69066,69066
2974;Runetotem's Bounty North, Razorwind Shores;1800.1500244140625,958.4669799804688,77.82250213623047;0,0;0,0;2736;0;822;3;0;4689;0;0;0;69066,69066
2975;Runetotem's Bounty South, Razorwind Shores;1154.7099609375,613.4340209960938,18.486000061035156;0,0;0,0;2736;0;821;7;0;4689;0;0;0;69066,69066
2976;The Bluffs, Razorwind Shores;616.2620239257812,274.8389892578125,89.14219665527344;0,0;0,0;2736;0;820;3;0;4689;0;0;0;69066,69066
2978;Cragthorn Highlands, Razorwind Shores;1769.780029296875,-651.52099609375,147.4739990234375;0,0;0,0;2736;0;816;7;0;4689;0;0;0;69066,69066
2979;The Common, Razorwind Shores;1624.4200439453125,206.5590057373047,98.93890380859375;0,0;0,0;2736;0;817;7;0;4689;0;0;0;69066,69066
2980;The Bloom, Razorwind Shores;1067.2900390625,-169.33999633789062,61.370399475097656;0,0;0,0;2736;0;818;3;0;4689;0;0;0;69066,69066
2984;The Ascending Reach;-3505.77001953125,-112.1719970703125,-1317.510009765625;0,0;0,0;2657;127056;777;1027;0;4689;0;0;0;207469,207469
2987;The Congealing Pool (One-way);-3373.320068359375,-217.8419952392578,-1415.2900390625;0,0;0,0;2657;0;824;1190;0;4689;0;0;0;207469,207469
2988;The Incontinental Hotel;65.56770324707031,535.7849731445312,3.4286398887634277;0,0;0,0;2706;0;834;3;0;4689;0;0;0;231047,231047
2996;The Heaps;-385.97900390625,519.4860229492188,0.5269380211830139;0,0;0,0;2706;0;835;3;0;4689;0;0;0;231047,231047
2997;Slam Central Station;-18.04170036315918,914.7069702148438,0.43435901403427124;0,0;0,0;2706;0;832;3;0;4689;0;0;0;231047,231047
2998;Demolition Dome;576.2670288085938,225.8260040283203,-7.36460018157959;0,0;0,0;2706;0;830;3;0;4689;0;0;0;231047,231047
2999;The Gallagio;38.329898834228516,153.4759979248047,-15.269000053405762;0,0;0,0;2706;0;833;3;0;4689;0;0;0;231047,231047
3000;Gutterville, The Ringing Deeps;-180.31300354003906,-4803.27001953125,-118.21700286865234;0,0;0,0;2601;0;825;3;0;4689;0;0;0;231047,231047
3003;The Crown of Shadows;-3585.39990234375,468.37298583984375,-1037.9100341796875;0,0;0,0;2657;128892;836;1187;0;4689;0;0;0;207469,207469
3005;Quest Path 10165: 0.x Generic - Taxi - Cross Continent Load Spline Test (LAS);3738.5,3167.3798828125,2.4583699703216553;0,0;0,0;1642;0;0;0;0;4689;0;0;0;64981,64981
3026;Quest Path 10254: 11.2 Raid - Manaforge - Zone - Traversal - Gateway Taxi 01 - Pipes to Hub - TJS;2040,3238,-209;0,0;0,0;0;0;0;0;0;4689;0;0;0;21355,21355
3029;Tazavesh, K'aresh;-636.3510131835938,6.265629768371582,531.4240112304688;0.003000000026077032,0.009100000374019146;0,0;2738;0;838;3;0;4689;0;0;0;233177,233177
3030;Eco-Dome: Rhovan, K'aresh;-140.3260040283203,-570.47900390625,-33.05099868774414;0,0;0,0;2738;0;844;3;0;4689;0;0;0;233177,233177
3031;The Oasis, K'aresh;1290.25,-1099.300048828125,-98.2842025756836;0,0;0,0;2738;0;840;3;0;4689;0;0;0;233177,233177
3032;Shan'dorah, K'aresh;1610.0699462890625,227.2010040283203,-154.5240020751953;0,0;0,0;2738;0;843;3;0;4689;0;0;0;233177,233177
3033;Shadow Point, K'aresh;1964.239990234375,1738.010009765625,-277.135986328125;0,0;0,0;2738;0;842;3;0;4689;0;0;0;233177,233177
3034;Overlook Zo'Shuul, K'aresh;1160.6800537109375,1276.1500244140625,-89.76629638671875;0,0;0,0;2738;0;841;3;0;4689;0;0;0;233177,233177
3035;Hosaas Rest, K'aresh;-244.5019989013672,753.8159790039062,246.01499938964844;0,0;0,0;2738;0;839;3;0;4689;0;0;0;233177,233177
3072;Entrance Portal, Founder's Point;3770.830078125,-119.45999908447266,191.3679962158203;0,0;0,0;2735;0;826;3;0;4689;0;0;0;154868,154868
3073;Town Center, Founder's Point;3344.18994140625,169.8780059814453,97.31199645996094;0,0;0,0;2735;0;827;3;0;4689;0;0;0;154868,154868
3074;Mear's Farm, Founder's Point;3534.639892578125,1068.8299560546875,37.227699279785156;0,0;0,0;2735;0;828;3;0;4689;0;0;0;154868,154868
3075;The Outer Banks, Founder's Point;3115.5,1191.8599853515625,18.509300231933594;0,0;0,0;2735;0;829;3;0;4689;0;0;0;154868,154868
3076;Small Aerie, Founder's Point;3146.3701171875,598.9600219726562,84.39610290527344;0,0;0,0;2735;0;831;3;0;4689;0;0;0;154868,154868
3077;Gilded Oaks, Founder's Point;2508.280029296875,881.25,51.50600051879883;0,0;0,0;2735;0;846;3;0;4689;0;0;0;154868,154868
3078;Brumewood Hollow, Founder's Point;2679.02001953125,-101.64900207519531,86.768798828125;0,0;0,0;2735;0;847;3;0;4689;0;0;0;154868,154868
3079;Stoneveil Ridge, Founder's Point;3276.39990234375,-499.5539855957031,182.34300231933594;0,0;0,0;2735;0;848;3;0;4689;0;0;0;154868,154868
3093;Quest Path 10497: 12.0 Z3 - Legends - Shrine 01 - Exit Path - (LWB);-420.7690124511719,-2006.489990234375,1076.469970703125;0,0;0,0;2694;0;0;0;0;4689;0;0;0;183977,183977
3101;Quest Path 10502: 12.0 Z3 - Legends - Shrine 02 - Exit Path - (LWB);789.9400024414062,392.489990234375,1186.4200439453125;0,0;0,0;2694;0;0;0;0;4689;0;0;0;183977,183977
3102;Thalassian University Teleport Base;8599.919921875,-4507.39990234375,20.865800857543945;0,0;0,0;0;0;0;0;0;4689;0;0;0;251064,251064
3103;Thalassian University Teleport Top;8600.240234375,-4505.35009765625,79.23750305175781;0,0;0,0;0;0;0;0;0;4689;0;0;0;251064,251064
3104;Quest Path 10509: 12.0 Z3 - Legends - Shrine 03 - Exit Path - (LWB);-850.5830078125,-641.25,1083.050048828125;0,0;0,0;2694;0;0;0;0;4689;0;0;0;183977,183977
3105;Quest Path 10517: 12.0 Z3 - Legends - Shrine 04 - Exit Path - (LWB);705.906005859375,-1147.02001953125,993.0759887695312;0,0;0,0;2694;0;0;0;0;4689;0;0;0;183977,183977
3106;Camp Stonewash, Zul'Aman;6780.97998046875,-7875,22.014799118041992;0,0;0,0;0;145598;794;3;0;4689;96.69999694824219;0;145598;255046,255046
3111;Quest Path 10562: 11.2 Raid - Manaforge - Zone - Traversal - Dimensius Forward Left (Quest/Event) - SRC;2066.3798828125,3360.580078125,-458.5249938964844;0,0;0,0;2810;0;0;0;0;4689;0;0;0;240564,240564
3119;The Ingress, Voidstorm;1661.9200439453125,1050.300048828125,42.39540100097656;0,0;0,0;2771;0;849;3;0;4689;0;0;0;245355,245355
3120;Locus Point, Voidstorm;657.2529907226562,504.375,-231.73300170898438;0,0;0,0;2771;0;850;3;0;4689;0;0;0;245355,245355
3121;Howling Ridge, Voidstorm;960.2899780273438,-400.2900085449219,-133.60800170898438;0,0;0,0;2771;0;851;3;0;4689;0;0;0;245355,245355
3122;Quest Path 10677: 11.1.7 Lorewalking - Xal - Q2 - Vehicle - Summon - stormsong to drustvar - Quest Taxi Version (LAS);-159.7220001220703,4138.56005859375,116.93199920654297;0,0;0,0;1643;0;0;0;0;4689;0;0;0;231818,231818
3123;Masters' Perch, Voidstorm;2975.93994140625,250.4290008544922,-108.19000244140625;0,0;0,0;2771;0;852;3;0;4689;0;0;0;245355,245355
3125;Terrace of the Sun, Isle of Quel'Danas;11245.2998046875,-4781.419921875,79.84339904785156;0,0;0,0;0;0;859;3;0;4689;0;0;145598;246593,246593
3126;Torntusk Overlook, Zul'Aman;3620.580078125,-6670.68017578125,327.0419921875;0,0;0,0;0;145598;860;3;0;4689;0;0;145598;246643,246643
3127;Amani'Zar Village, Zul'Aman;4391.89013671875,-7655.60009765625,184.69500732421875;0,0;0,0;0;145598;883;3;0;4689;0;0;145598;246643,246643
3128;Atal'Aman, Zul'Aman;5114.33984375,-6473.7998046875,210.31500244140625;0,0;0,0;0;145598;856;3;0;4689;0;0;145598;246643,246643
3129;Shadebasin Watch, Zul'Aman;6286.97998046875,-7580.1201171875,141.79200744628906;0,0;0,0;0;145598;875;3;0;4689;0;0;145598;246644,246644
3130;Witherbark Bluffs, Zul'Aman;6916.64013671875,-7113.97021484375,229.4669952392578;0,0;0,0;0;145598;874;3;0;4689;0;0;145598;246644,246644
3131;Sanctum of Light, Silvermoon City;8444.3203125,-4765.72021484375,49.000999450683594;0,0;0,0;0;0;853;3;0;4689;0;0;145598;246593,246593
3132;The Royal Exchange, Silvermoon City;8583.7998046875,-5282.009765625,64.15950012207031;0,0;0,0;0;20069;858;2;0;4689;0;0;145598;246593,0
3133;Fairbreeze Village, Eversong Woods;7338.4599609375,-4060.639892578125,188.927001953125;0,0;0,0;0;0;854;3;0;4689;0;0;145598;246593,246593
3134;Tranquillien, Eversong Woods;5945.0400390625,-4360.43017578125,108.66500091552734;0,0;0,0;0;0;855;3;0;4689;0;0;145598;246593,246593
3135;12.0 Z1 - Isle of Quel'Danas - Flightmaster - Gloaming - SJC;0,0,0;0,0;0,0;0;0;857;0;0;4689;0;0;0;0,0
3145;Tazavesh, the Veiled Market;-1206.6500244140625,-217.33900451660156,512.6810302734375;0,0;0,0;2738;0;861;483;5486;16849;29;0;0;0,0
3146;The Oasis;1391.8199462890625,-1040.1800537109375,-95.36280059814453;0,0;0,0;2738;0;862;491;5486;16849;0;0;0;0,0
3147;Shan'dorah;1611.4300537109375,249.98599243164062,-152.7790069580078;0,0;0,0;2738;0;863;491;5486;16849;0;0;0;0,0
3155;Shadow Point;1891.199951171875,1497.510009765625,-282.2879943847656;0,0;0,0;2738;0;864;491;5486;16849;0;0;0;0,0
3156;Serrated Peaks;529.1320190429688,999.4110107421875,172.07200622558594;0,0;0,0;2738;0;865;491;5486;16849;0;0;0;0,0
3157;Overlook Zo'Shuul;1201.550048828125,1062.010009765625,-38.41080093383789;0,0;0,0;2738;0;866;491;5486;16849;0;0;0;0,0
3158;Lunnall River;562.8209838867188,-170.86500549316406,-55.11180114746094;0,0;0,0;2738;0;867;491;5486;16849;0;0;0;0,0
3159;North Sufaad;509.8819885253906,-1143.699951171875,8.917389869689941;0,0;0,0;2738;0;868;491;5486;16849;0;0;0;0,0
3160;Naakroa;25.088499069213867,365.9949951171875,125.89900207519531;0,0;0,0;2738;0;869;491;5486;16849;0;0;0;0,0
3161;Fracture of Laacuna;2027.469970703125,596.6840209960938,-109.75900268554688;0,0;0,0;2738;0;870;491;5486;16849;0;0;0;0,0
3162;Untethered Space;1733.56005859375,771.2210083007812,-163.87899780273438;0,0;0,0;2738;0;871;491;5486;16849;0;0;0;0,0
3163;Ruins of Yaathron;-482.0559997558594,985.0089721679688,271.4259948730469;0,0;0,0;2738;0;872;491;5486;16849;0;0;0;0,0
3164;Hosaas' Rest;-289.4049987792969,787.7550048828125,246.04100036621094;0,0;0,0;2738;0;873;491;5486;16849;0;0;0;0,0
3165;Quest Path 11099: 12.0 Z1 - Silvermoon - Teleporters - Bazaar > Mage Academy - SJC;8606.419921875,-4498.8798828125,78.35990142822266;0,0;0,0;0;0;0;0;0;4689;0;0;0;251064,251064
3166;Quest Path 11100: 12.0 Z1 - Silvermoon - Teleporters - Mage Academy > Bazaar - SJC;8603.33984375,-4503.18017578125,20.868600845336914;0,0;0,0;0;0;0;0;0;4689;0;0;0;251064,251064
3169;Base Node;493.3869934082031,-608.9110107421875,160.99899291992188;0,0;0,0;2965;0;877;491;5486;16849;187;0;0;0,0
3170;Collapsar;616.906005859375,-389.9179992675781,149.39999389648438;0,0;0,0;2965;0;878;491;5486;16849;180;0;0;0,0
3171;Deep Well;457.3559875488281,-598.10400390625,83.73410034179688;0,0;0,0;2965;0;882;491;5486;16849;0;0;34450;0,0
3172;Exposed Vein;711.2210083007812,-550.1270141601562,125.19599914550781;0,0;0,0;2965;0;879;491;5486;16849;0;0;0;0,0
3173;Focal Point;504.2659912109375,-397.5849914550781,122.41600036621094;0,0;0,0;2965;0;880;491;5486;16849;0;0;0;0,0
3174;Forge of Secrets;420.2430114746094,-512.3629760742188,123.47899627685547;0,0;0,0;2965;0;881;491;5486;16849;133;0;0;0,0
3175;Quest Path 11142: 11.2.7 Catch Up - TWW - Q2 - Dornegal to Freywold (KRB);1023.030029296875,-1925.760009765625,81.08000183105469;0,0;0,0;2552;0;0;0;0;4689;0;0;0;252921,252921
3176;Quest Path 11144: 11.2.7 Catch Up - TWW - Q2 - Meadery to Coreway (KRB);2626.820068359375,-3948.239990234375,300.489990234375;0,0;0,0;0;0;0;0;0;4689;0;0;0;252921,252921
3177;Quest Path 11146: 11.2.7 Catch Up - TWW - Q2 - Coreway to Ringing Deeps (KRB);2467.159912109375,-2352.52001953125,408.87701416015625;0,0;0,0;2552;0;0;0;0;4689;0;0;0;252921,252921
3178;Quest Path 11147: 11.2.7 Catch Up - TWW - Q3 - Weaver to City (KRB);-1829.06005859375,-1296.1300048828125,-1277.3299560546875;0,0;0,0;2601;0;0;0;0;4689;0;0;0;252921,252921
3179;Quest Path 11151: 11.2.7 Catch Up - TWW - Q3 - Priory to Foundation Hall (KRB);2768.669921875,429.2300109863281,582.9199829101562;0,0;0,0;2601;0;0;0;0;4689;0;0;0;252921,252921
3186;12.0 Silvermoon Sunwing Rookery Teleport Intro Base;0,0,0;0,0;0,0;0;0;0;128;0;4689;0;0;0;251064,251064
3187;12.0 Silvermoon Sunwing Rookery Teleport Intro Top;0,0,0;0,0;0,0;0;0;0;128;0;4689;0;0;0;251064,251064
3188;12.0 Silvermoon Sunwing Rookery Teleport Main Base;0,0,0;0,0;0,0;0;0;0;128;0;4689;0;0;0;251064,251064
3189;12.0 Silvermoon Sunwing Rookery Teleport Main Top;0,0,0;0,0;0,0;0;0;0;128;0;4689;0;0;0;251064,251064
3190;Silverglade Refuge, Eversong Woods;4512.10986328125,-2780.070068359375,5.378799915313721;0,0;0,0;0;924;884;1;0;4689;0;0;145598;0,258977
3192;Har'athir, Harandar;-128.23399353027344,-1673.27001953125,1071.9100341796875;0,0;0,0;2694;0;885;3;0;4689;0;0;0;246645,246645
3193;The Den, Harandar;-160.14599609375,-517.5759887695312,906.0360107421875;0,0;0,0;2694;0;886;3;0;4689;0;0;0;246645,246645
3194;Har'kuai, Harandar;1359.3399658203125,-1313.6700439453125,1049.1400146484375;0,0;0,0;2694;0;887;3;0;4689;0;0;0;246645,246645
3195;Har'alnor, Harandar;-876.85400390625,1176.6300048828125,1286.699951171875;0,0;0,0;2694;0;888;3;0;4689;0;0;0;246645,246645
3196;Har'mara, Harandar;1325.47998046875,888.0900268554688,1346.1500244140625;0,0;0,0;2694;0;889;3;0;4689;0;0;0;246645,246645
3204;Quest Path 11298: 11.2.7 Catch Up -  TWW -  Q2 -  Cavern to Awakening Machine (KRB);819,-4049.199951171875,154.58999633789062;0,0;0,0;0;0;0;0;0;4689;0;0;0;252921,252921
3211;12.0 Silvermoon Teleport Thalassian University Base;0,0,0;0,0;0,0;0;0;0;0;0;4689;0;0;0;251064,251064
3212;12.0 Silvermoon Thalassian University Teleport Top;0,0,0;0,0;0,0;0;0;0;0;0;4689;0;0;0;251064,251064
3213;Quest Path 11346: 12.0 Z1 - Eversong - Teleporters - Tranquil Repose - Going Up - Force Taxi - SJC;7147.68994140625,-4521.39990234375,270.77301025390625;0,0;0,0;0;0;0;0;0;4689;0;0;0;251064,251064
3214;Quest Path 11347: 12.0 Z1 - Eversong - Teleporters - Tranquil Repose - Going Down - Force Taxi - SJC;7144.72021484375,-4517.330078125,136.81199645996094;0,0;0,0;0;0;0;0;0;4689;0;0;0;251064,251064
3215;Quest Path 11348: 12.0 Z1 - Eversong - Teleporters - Moon Tower - Going Up - SJC;5460.08984375,-3965.9599609375,198.3350067138672;0,0;0,0;0;0;0;0;0;4689;0;0;0;251064,251064
3216;Quest Path 11349: 12.0 Z1 - Eversong - Teleporters - Moon Tower - Going Down - SJC;5469.75,-3970.18994140625,65.65350341796875;0,0;0,0;0;0;0;0;0;4689;0;0;0;251064,251064
3218;12.0 Silvermoon Sunfury Spire Teleport Base;0,0,0;0,0;0,0;0;0;0;0;0;4689;0;0;0;251064,0
3219;12.0 Silvermoon Sunfury Spire Teleport Top;0,0,0;0,0;0,0;0;0;0;0;0;4689;0;0;0;251064,0
3220;Quest Path 11370: 12.0 Z1 - Fairbreeze - Main Translocator - Going Up - SJC;7313,-4058.6298828125,185.55999755859375;0,0;0,0;0;0;0;0;0;4689;0;0;0;251064,251064
3221;Quest Path 11371: 12.0 Z1 - Fairbreeze - Main Translocator - Going Down - SJC;7284.68017578125,-4112.7001953125,102.35199737548828;0,0;0,0;0;0;0;0;0;4689;0;0;0;251064,251064
3222;Quest Path 11372: 12.0 Z1 - Eversong - Teleporters - Fairbreeze West - A > B - SJC;7200.6298828125,-3985.050048828125,191.875;0,0;0,0;0;0;0;0;0;4689;0;0;0;251064,251064
3223;Quest Path 11373: 12.0 Z1 - Eversong - Teleporters - Fairbreeze West - B > A - SJC;7247.68994140625,-3972.1201171875,181.3249969482422;0,0;0,0;0;0;0;0;0;4689;0;0;0;251064,251064
3224;Quest Path 11374: 12.0 Z1 - Eversong - Teleporters - Fairbreeze East - A > B - SJC;7203.7998046875,-4129.419921875,206.88099670410156;0,0;0,0;0;0;0;0;0;4689;0;0;0;251064,251064
3225;Quest Path 11375: 12.0 Z1 - Eversong - Teleporters - Fairbreeze East - B > A - SJC;7248.72021484375,-4128.27001953125,216.24200439453125;0,0;0,0;0;0;0;0;0;4689;0;0;0;251064,251064
3226;Quest Path 11376: 12.0 Z1 - Eversong - Teleporters - River Tower - Going Up - SJC;6520.7099609375,-4437.490234375,220.29100036621094;0,0;0,0;0;0;0;0;0;4689;0;0;0;251064,251064
3227;Quest Path 11377: 12.0 Z1 - Eversong - Teleporters - River Tower - Going Down - SJC;6527.41015625,-4443.669921875,91.38189697265625;0,0;0,0;0;0;0;0;0;4689;0;0;0;251064,251064
3228;Quest Path 11378: 12.0 Z1 - Eversong - Teleporters - Goldenmist - Going Up - SJC;6446.830078125,-3698.10009765625,118.92900085449219;0,0;0,0;0;0;0;0;0;4689;0;0;0;251064,251064
3229;Quest Path 11379: 12.0 Z1 - Eversong - Teleporters - Goldenmist - Going Down - SJC;6433.58984375,-3701.969970703125,37.14250183105469;0,0;0,0;0;0;0;0;0;4689;0;0;0;251064,251064
3230;Quest Path 11380: 12.0 Z1 - Silvermoon City - Teleporters - Sunfury Spire - Going Up - SJC;8792.9296875,-4930.14013671875,345.3680114746094;0,0;0,0;0;0;0;0;0;4689;0;0;0;251064,251064
3231;Quest Path 11381: 12.0 Z1 - Silvermoon City - Teleporters - Sunfury Spire - Going Down - SJC;8720.1796875,-5127.60009765625,136.4709930419922;0,0;0,0;0;0;0;0;0;4689;0;0;0;251064,251064
3232;Quest Path 10760: 12.0 Z1 - Local Story 09 - How to Train Your Protegee Q2c - Teleport to Top - Missile Teleport Curve Up (RRN);9301.5498046875,-3908.719970703125,173.8730010986328;0,0;0,0;0;0;0;0;0;4689;0;0;0;251064,251064
3233;Quest Path 10761: 12.0 Z1 - Local Story 02c - How to Train Your Protegee Q02c - Teleport Down - Missle Teleport Curve Down (RRN);9298,-3915.550048828125,60.560001373291016;0,0;0,0;0;0;0;0;0;4689;0;0;0;251064,251064
3234;Quest Path 10393: 12.0 Z1 - Local Story 01 - Aspiring Academic Q03 - Teleport to Top - Missile Teleport Curve Up (RRN);9029,-3442,176;0,0;0,0;0;0;0;0;0;4689;0;0;0;251064,251064
3235;Quest Path 10398: 12.0 Z1 - Local Story 01 - Aspiring Academic Q03 - Teleport Down - Missle Teleport Curve Down (RRN);8945,-3521,106;0,0;0,0;0;0;0;0;0;4689;0;0;0;251064,251064
3236;Quest Path 11400: 12.0 Z1 - Eversong - Teleporters - Dawning Lane > Rookery - Going Up - Force Taxi - SJC;8457.2197265625,-4069.81005859375,78.78900146484375;0,0;0,0;0;0;0;0;0;4689;0;0;0;251064,251064
3237;Quest Path 11401: 12.0 Z1 - Eversong - Teleporters - Dawning Lane > Rookery - Going Down - Force Taxi - SJC;8457.169921875,-4079.31005859375,23.993799209594727;0,0;0,0;0;0;0;0;0;4689;0;0;0;251064,251064
3238;Quest Path 11402: 12.0 Z1 - Eversong - Teleporters - Upper Rookery - Going Up - Force Taxi - SJC;8464.599609375,-4017.989990234375,218.51100158691406;0,0;0,0;0;0;0;0;0;4689;0;0;0;251064,251064
3239;Quest Path 11403: 12.0 Z1 - Eversong - Teleporters - Upper Rookery - Going Down - Force Taxi - SJC;8457.4404296875,-4024.570068359375,76.34439849853516;0,0;0,0;0;0;0;0;0;4689;0;0;0;251064,251064
3240;Quest Path 11404: 12.0 Z1 - Eversong - Teleporters - Brightwing Estates - Going Up - Force Taxi - SJC;8130.22021484375,-5922.56005859375,140.27499389648438;0,0;0,0;0;0;0;0;0;4689;0;0;0;251064,251064
3241;Quest Path 11405: 12.0 Z1 - Eversong - Teleporters - Brightwing Estates - Going Down - Force Taxi - SJC;8110.830078125,-5829.10986328125,76.22429656982422;0,0;0,0;0;0;0;0;0;4689;0;0;0;251064,251064
